"id"	"name"	"numberlinks"	"school"	"major"	"subject_code"	"instructors"	"updated_at"	"category"	"lang"	"target_students_from"	"target_year"	"elecCompul"	"unit"	"year"	"quarter"	"day_time"	"classroom"	"area"
21705030	"Design Pitching Skills"	"[\"DES-END2713E\",\"DES-IND2713\",\"EDES-DFT2713E\",\"DES-MED2713E\",\"DES-ACD2713E\"]"	"DES"	"END"	"2713E"	"[\"LOH Wei Leong\",\"ホール，Ｍ．\",\"稲村　徳州\"]"	"2021-08-21T22:55:56.185Z"	"コース専門科目　Course Specialized Subjects"	"英語（E）"	"芸術工学部　共通　Environmental Design Course/Industrial Design Course/Design Futures Course/Media Design Course/Acoustic Design Course"	"学部2年　Undergraduate second grade"	1	1	2021	"秋学期"	"[[\"木曜日\",\"１時限\"]]"	"524"	"大橋地区"
21704031	"Global Design Innovations"	"[\"DES-END2712E\",\"DES-IND2712E\",\"DES-DFT2712E\",\"DES-MED2712E\",\"DES-ACD2712E\"]"	"DES"	"END"	"2712E"	"[\"稲村　徳州\",\"LOH Wei Leong\"]"	"2021-04-05T13:02:13.691Z"	"コース専門科目　Course Specialized Subjects"	"英語（E）"	"芸術工学部　共通　Environmental Design Course/Industrial Design Course/Design Futures Course/Media Design Course/Acoustic Design Course"	"学部2年　Undergraduate second grade"	1	1	2021	"夏学期"	"[[\"月曜日\",\"５時限\"]]"	"511"	"大橋地区"
21705031	"Intellectual Property Rights : Global Perspective"	"[\"DES-END2714E\",\"DES-IND2714E\",\"DES-DFT2714E\",\"DES-MED2714E\",\"DES-ACD2714E\"]"	"DES"	"END"	"2714E"	"[\"LOH Wei Leong\",\"稲村　徳州\"]"	"2021-05-25T06:13:47.420Z"	"コース専門科目　Course Specialized Subjects"	"英語（E）"	"芸術工学部　共通　Environmental Design Course/Industrial Design Course/Design Futures Course/Media Design Course/Acoustic Design Course"	"学部2年　Undergraduate second grade"	1	1	2021	"冬学期"	"[[\"月曜日\",\"２時限\"]]"	"511"	"大橋地区"
21704030	"Start-ups and Global Disruptors"	"[\"DES-END2711E\",\"DES-IND2711E\",\"DES-DFT2711E\",\"DES-MED2711E\",\"DES-ACD2711E\"]"	"DES"	"END"	"2711E"	"[\"LOH Wei Leong\",\"稲村　徳州\"]"	"2021-05-25T06:04:19.165Z"	"コース専門科目　Course Specialized Subjects"	"英語（E）"	"芸術工学部　共通　Environmental Design Course/Industrial Design Course/Design Futures Course/Media Design Course/Acoustic Design Course"	"学部2年　Undergraduate second grade"	1	1	2021	"夏学期"	"[[\"月曜日\",\"１時限\"]]"	"511"	"大橋地区"
21704409	"アニメーション表現"	"[\"DES-MED2212J\"]"	"DES"	"MED"	"2212J"	"[\"金　大雄\",\"石井　達郎\"]"	"2021-10-08T04:21:10.983Z"	"コース専門科目　Course Specialized Subjects"	"日本語（J）"	"芸術工学部　メディアデザインコース　Media Design Course"	"学部2年　Undergraduate second grade"	1	2	2021	"夏学期"	"[[\"木曜日\",\"３時限\"],[\"木曜日\",\"４時限\"]]"	"531,7号館2階パソコン室 /531,7 building 2F Mac room"	"大橋地区"
21700006	"インターンシップ（学部）"	"[\"DES-END3041J DES-IND3041J DES-VCD3071J DES-ACD3031J DES-AID3011J\"]"	"DES"	"END"	"3041J"	"[\"井上　朝雄\",\"松前　あかね\",\"山内　勝也\",\"丸山　修\",\"妹尾　武治\"]"		"専攻教育科目　Specialized Education"	"日本語（J）"	"芸術工学部　共通　Department of Environmental Design/Department of Industrial Design/Department of Visual Communication Design/Department of Acoustic Design/Department of Art and Information Design"	"学部3年　Undergraduate third grade"	1	2	2021	"通年集中"	"[[\"その他\",\"その他\"]]"		"大橋地区"
21705201	"インダストリアルデザイン基礎Ⅰ"	"[\"DES-IND1111J\"]"	"DES"	"IND"	"1111J"	"[\"秋田　直繁\",\"清須美　匡洋\",\"齋藤　俊文\",\"迫坪　知広\",\"杉本　美貴\",\"曽我部　春香\",\"田村　良一\",\"都甲　康至\",\"平井　康之\",\"藤　智亮\",\"松前　あかね\"]"	"2021-05-25T13:18:18.725Z"	"コース基礎科目　Course Fundamental Subjects"	"日本語（J）"	"芸術工学部　インダストリアルデザインコース　Industrial Design Course"	"学部1年　Undergraduate first grade"	1	1	2021	"秋学期"	"[[\"火曜日\",\"３時限\"]]"	"未定/　TBA"	"伊都地区"
21705202	"インダストリアルデザイン基礎Ⅱ"	"[\"DES-IND1211J\"]"	"DES"	"IND"	"1211J"	"[\"澤井　賢一\",\"樋口　重和\",\"村木　里志\",\"元村　祐貴\",\"西村　貴孝\",\"前田　享史\",\"LOH PING YEAP\"]"	"2021-12-07T01:48:40.395Z"	"コース基礎科目　Course Fundamental Subjects"	"英語及び日本語を併用（E/J）"	"芸術工学部　インダストリアルデザインコース　Industrial Design Course"	"学部1年　Undergraduate first grade"	1	1	2021	"冬学期"	"[[\"火曜日\",\"３時限\"]]"	"未定/　TBA"	"伊都地区"
21705405	"インタラクションデザイン"	"[\"DES-MED2313J\"]"	"DES"	"MED"	"2313J"	"[\"鶴野　玲治\"]"	"2021-09-20T16:51:37.439Z"	"コース専門科目　Course Specialized Subjects"	"日本語（J）"	"芸術工学部　メディアデザインコース　Media Design Course"	"学部2年　Undergraduate second grade"	1	2	2021	"秋学期"	"[[\"水曜日\",\"４時限\"],[\"水曜日\",\"５時限\"]]"	"525"	"大橋地区"
21700506	"インタラクティブインターフェース演習"	"[\"DES-AID3412W\"]"	"DES"	"AID"	"3412W"	"[\"牛尼　剛聡\"]"		"専攻教育科目　Specialized Education"	"英語及び日本語を併用（E/J）"	"芸術工学部　芸術情報設計学科　Department of Art and Information Design"	"学部3年　Undergraduate third grade"	1	2	2021	"前期"	"[[\"金曜日\",\"４時限\"],[\"金曜日\",\"５時限\"]]"	"7号館３Ｆコンピュータ室／7 building 3F Mac room"	"大橋地区"
21702501	"Webコンテンツデザイン演習"	"[\"DES-AID3432J\"]"	"DES"	"AID"	"3432J"	"[\"牛尼　剛聡\"]"		"専攻教育科目　Specialized Education"	"日本語（J）"	"芸術工学部　芸術情報設計学科　Department of Art and Information Design"	"学部3年　Undergraduate third grade"	1	2	2021	"後期"	"[[\"月曜日\",\"３時限\"],[\"月曜日\",\"４時限\"]]"	"7号館３Ｆコンピュータ室／7 building 3F Mac room"	"大橋地区"
21704404	"映像表現"	"[\"DES-MED2211J\"]"	"DES"	"MED"	"2211J"	"[\"石井　達郎\",\"金　大雄\"]"	"2021-05-28T01:14:41.580Z"	"コース専門科目　Course Specialized Subjects"	"日本語（J）"	"芸術工学部　メディアデザインコース　Media Design Course"	"学部2年　Undergraduate second grade"	1	2	2021	"春学期"	"[[\"木曜日\",\"３時限\"],[\"木曜日\",\"４時限\"]]"	"531,7号館2階パソコン室 /531,7 building 2F Mac room"	"大橋地区"
21705410	"演劇文化論"	"[\"DES-MED2412J\"]"	"DES"	"MED"	"2412J"	"[\"大島　久雄\"]"	"2021-05-25T04:31:29.993Z"	"コース専門科目　Course Specialized Subjects"	"英語及び日本語を併用（E/J）"	"芸術工学部　メディアデザインコース　Media Design Course"	"学部2年　Undergraduate second grade"	1	2	2021	"冬学期"	"[[\"木曜日\",\"２時限\"],[\"金曜日\",\"２時限\"]]"	"532"	"大橋地区"
21702404	"応用音楽学"	"[\"DES-ACD3321W\"]"	"DES"	"ACD"	"3321W"	"[\"上田　和夫\",\"中村　美亜\"]"		"専攻教育科目　Specialized Education"	"英語及び日本語を併用（E/J）"	"芸術工学部　音響設計学科　Department of Acoustic Design"	"学部3年　Undergraduate third grade"	1	2	2021	"後期"	"[[\"木曜日\",\"４時限\"]]"	"321"	"大橋地区"
21705063	"応用音楽表現演習Ⅰ"	"[\"DES-DFT2121J\",\" DES-ACD2222J\"]"	"DES"	"DFT"	"2121J"	"[\"城　一裕\",\"JAMIESON DARYL\",\"長津　結一郎\",\"矢向　正人\",\"西田　紘子\"]"	"2021-09-26T13:20:11.209Z"	"コース専門科目　Course Specialized Subjects"	"日本語（J）"	"芸術工学部　未来構想デザインコース/音響設計コース　Design Futures Course/Acoustic Design Course"	"学部2年　Undergraduate second grade"	1	1	2021	"秋学期"	"[[\"水曜日\",\"４時限\"],[\"水曜日\",\"５時限\"]]"	"321，322"	"大橋地区"
21705064	"応用音楽表現演習Ⅱ"	"[\"DES-DFT2122J\",\"DES-ACD2223J\"]"	"DES"	"DFT"	"2122J"	"[\"長津　結一郎\",\"矢向　正人\",\"西田　紘子\",\"城　一裕\",\"JAMIESON DARYL\"]"	"2021-09-28T00:01:01.273Z"	"コース専門科目　Course Specialized Subjects"	"日本語（J）"	"芸術工学部　未来構想デザインコース/音響設計コース　Design Futures Course/Acoustic Design Course"	"学部2年　Undergraduate second grade"	1	1	2021	"冬学期"	"[[\"水曜日\",\"４時限\"],[\"水曜日\",\"５時限\"]]"	"321，322"	"大橋地区"
21705510	"応用音響理論"	"[\"DES-ACD2331J\"]"	"DES"	"ACD"	"2331J"	"[\"鮫島　俊哉\"]"	"2021-05-25T09:52:09.045Z"	"コース専門科目　Course Specialized Subjects"	"日本語（J）"	"芸術工学部　音響設計学科　Department of Acoustic Design / 音響設計コース　Acoustic Design Course"	"学部3年　Undergraduate third grade / 学部2年　Undergraduate second grade"	1	2	2021	"冬学期"	"[[\"火曜日\",\"２時限\"],[\"金曜日\",\"２時限\"]]"	"322"	"大橋地区"
21702001	"応用時系列解析"	"[\"DES-IND3531J\"]"	"DES"	"IND"	"3531J"	"[\"澤井　賢一\"]"		"専攻教育科目　Specialized Education"	"日本語（J）"	"芸術工学部　工業設計学科/音響設計学科　Department of Industrial Design/Department of Acoustic Design"	"学部3年　Undergraduate third grade"	1	2	2021	"冬学期"	"[[\"月曜日\",\"１時限\"]]"	"遠隔／Online"	"大橋地区"
21704505	"音文化論"	"[\"DES-ACD2113J\"]"	"DES"	"ACD"	"2113J"	"[\"矢向　正人\",\"城　一裕\"]"	"2021-10-12T07:57:53.276Z"	"コース基礎科目　Course Fundamental Subjects"	"日本語（J）"	"芸術工学部　音響設計コース　Acoustic Design Course"	"学部2年　Undergraduate second grade"	3	2	2021	"春学期"	"[[\"月曜日\",\"２時限\"],[\"木曜日\",\"１時限\"]]"	"322"	"大橋地区"
21705507	"音文化論演習"	"[\"DES-ACD2324J\"]"	"DES"	"ACD"	"2324J"	"[\"JAMIESON DARYL\"]"	"2021-04-02T06:03:38.259Z"	"コース専門科目　Course Specialized Subjects"	"英語及び日本語を併用（E/J）"	"芸術工学部 音響設計コース　Acoustic Design Course"	"学部2年　Undergraduate second grade"	1	2	2021	"冬学期"	"[[\"金曜日\",\"３時限\"],[\"金曜日\",\"４時限\"]]"	"322"	"大橋地区"
21700401	"音楽学"	"[\"DES-ACD3311J\"]"	"DES"	"ACD"	"3311J"	"[\"西田　紘子\",\"矢向　正人\"]"		"専攻教育科目　Specialized Education"	"日本語（J）"	"芸術工学部　音響設計学科　Department of Acoustic Design"	"学部3年　Undergraduate third grade"	1	2	2021	"春学期"	"[[\"月曜日\",\"４時限\"],[\"月曜日\",\"５時限\"]]"	"322"	"大橋地区"
21704503	"音楽理論表現演習"	"[\"DES-ACD2221J\"]"	"DES"	"ACD"	"2221J"	"[\"西田　紘子\",\"JAMIESON DARYL\",\"矢向　正人\"]"	"2021-05-25T03:27:17.872Z"	"コース演習科目 (PBL)　Course Seminar Subjects"	"日本語（J）"	"芸術工学部　音響設計コース　Acoustic Design Course"	"学部2年　Undergraduate second grade"	3	2	2021	"前期"	"[[\"水曜日\",\"３時限\"],[\"水曜日\",\"４時限\"],[\"水曜日\",\"５時限\"]]"	"音響特殊棟 録音スタジオ,322／Acoustic Research Center studio control room,322"	"大橋地区"
21700408	"音響構成"	"[\"DES-ACD4411J\"]"	"DES"	"ACD"	"4411J"	"[\"山内　勝也\"]"		"専攻教育科目　Specialized Education"	"日本語（J）"	"芸術工学部　音響設計学科　Department of Acoustic Design"	"学部4年/fourth grade"	1	4	2021	"前期"	"[[\"金曜日\",\"３時限\"],[\"金曜日\",\"４時限\"],[\"金曜日\",\"５時限\"]]"	"春：531、夏：512"	"大橋地区"
21700406	"音響実験Ⅰ"	"[\"DES-ACD3811J\"]"	"DES"	"ACD"	"3811J"	"[\"矢向　正人\",\"上田　和夫\",\"村上　泰樹\",\"尾本　章\",\"鏑木　時彦\",\"河原　一彦\",\"鮫島　俊哉\",\"城　一裕\",\"高田　正幸\",\"中村　美亜\",\"長津　結一郎\",\"西田　紘子\",\"山内　勝也\",\"レメイン，Ｇ．Ｂ．\",\"若宮　幸平\"]"		"専攻教育科目　Specialized Education"	"日本語（J）"	"芸術工学部　音響設計学科　Department of Acoustic Design"	"学部3年　Undergraduate third grade"	3	3	2021	"前期"	"[[\"金曜日\",\"３時限\"],[\"金曜日\",\"４時限\"],[\"金曜日\",\"５時限\"]]"	"322,524"	"大橋地区"
21702405	"音響実験Ⅱ"	"[\"DES-ACD3821J\"]"	"DES"	"ACD"	"3821J"	"[\"矢向　正人\",\"上田　和夫\",\"尾本　章\",\"鏑木　時彦\",\"河原　一彦\",\"鮫島　俊哉\",\"城　一裕\",\"高田　正幸\",\"中村　美亜\",\"長津　結一郎\",\"西田　紘子\",\"山内　勝也\",\"村上　泰樹\",\"レメイン，Ｇ．Ｂ．\",\"若宮　幸平\"]"		"専攻教育科目　Specialized Education"	"日本語（J）"	"芸術工学部　音響設計学科　Department of Acoustic Design"	"学部3年　Undergraduate third grade"	3	3	2021	"後期"	"[[\"金曜日\",\"３時限\"],[\"金曜日\",\"４時限\"],[\"金曜日\",\"５時限\"]]"	"録音スタジオ，３２１，情報基盤室実習室/ studio control room，321，Computing and communications center Branch in the ohashiarea training room1"	"大橋地区"
21700405	"音響情報工学"	"[\"DES-ACD3621J\"]"	"DES"	"ACD"	"3621J"	"[\"鏑木　時彦\"]"		"専攻教育科目　Specialized Education"	"日本語（J）"	"芸術工学部　音響設計学科　Department of Acoustic Design"	"学部3年　Undergraduate third grade"	1	2	2021	"前期"	"[[\"月曜日\",\"３時限\"]]"	"322"	"大橋地区"
21702402	"音響情報工学演習"	"[\"DES-ACD3841J\"]"	"DES"	"ACD"	"3841J"	"[\"鏑木　時彦\"]"		"専攻教育科目　Specialized Education"	"日本語（J）"	"芸術工学部　音響設計学科　Department of Acoustic Design"	"学部3年　Undergraduate third grade"	1	2	2021	"後期"	"[[\"月曜日\",\"３時限\"]]"	"321，情報基盤室第1実習室／ 321,Computing and communications center Branch in the ohashiarea training room1"	"大橋地区"
21704507	"音響信号処理"	"[\"DES-ACD2116J\"]"	"DES"	"ACD"	"2116J"	"[\"鏑木　時彦\"]"	"2021-05-11T02:13:42.899Z"	"コース基礎科目　Course Fundamental Subjects"	"日本語（J）"	"芸術工学部　音響設計コース　Acoustic Design Course"	"学部2年　Undergraduate second grade"	3	2	2021	"春学期"	"[[\"火曜日\",\"５時限\"],[\"木曜日\",\"３時限\"]]"	"322"	"大橋地区"
21704509	"音響プログラミング演習"	"[\"DES-ACD2212J\"]"	"DES"	"ACD"	"2212J"	"[\"若宮　幸平\",\"山内　勝也\"]"	"2021-06-09T17:20:39.591Z"	"コース演習科目 (PBL)　Course Seminar Subjects"	"日本語（J）"	"芸術工学部　音響設計コース　Acoustic Design Course"	"学部2年　Undergraduate second grade"	1	2	2021	"夏学期"	"[[\"月曜日\",\"２時限\"],[\"木曜日\",\"１時限\"]]"	"322"	"大橋地区"
21700413	"音響理論演習Ⅰ（2019年度以前入学者対象）"	"[\"DES-ACD2111J\"]"	"DES"	"ACD"	"2111J"	"[\"鮫島　俊哉\"]"		"専攻教育科目　Specialized Education"	"日本語（J）"	"芸術工学部　音響設計学科　Department of Acoustic Design"	"学部2年　Undergraduate second grade"	3	3	2021	"春学期"	"[[\"金曜日\",\"１時限\"],[\"金曜日\",\"２時限\"]]"	"322"	"大橋地区"
21704506	"音響理論演習Ⅰ（2020年度入学者対象）"	"[\"DES-ACD2114J\"]"	"DES"	"ACD"	"2114J"	"[\"鮫島　俊哉\"]"	"2021-05-25T09:50:08.159Z"	"コース基礎科目　Course Fundamental Subjects"	"日本語（J）"	"芸術工学部 音響設計コース　Acoustic Design Course"	"学部2年　Undergraduate second grade"	3	2	2021	"春学期"	"[[\"金曜日\",\"１時限\"],[\"金曜日\",\"２時限\"]]"	"322"	"大橋地区"
21702407	"音響理論演習Ⅱ（2019年度以前入学者対象）"	"[\"DES-ACD2112J\"]"	"DES"	"ACD"	"2112J"	"[\"尾本　章\"]"		"専攻教育科目　Specialized Education"	"日本語（J）"	"芸術工学部　音響設計学科　Department of Acoustic Design"	"学部2年　Undergraduate second grade"	3	3	2021	"秋学期"	"[[\"火曜日\",\"３時限\"],[\"火曜日\",\"４時限\"]]"	"322"	"大橋地区"
21705504	"音響理論演習Ⅱ（2020年度入学者対象）"	"[\"DES-ACD2115J\"]"	"DES"	"ACD"	"2115J"	"[\"尾本　章\"]"	"2021-09-18T01:54:51.570Z"	"コース基礎科目　Course Fundamental Subjects"	"日本語（J）"	"芸術工学部　音響設計コース　Acoustic Design Course"	"学部2年　Undergraduate second grade"	3	2	2021	"秋学期"	"[[\"火曜日\",\"３時限\"],[\"火曜日\",\"４時限\"]]"	"322"	"大橋地区"
21705508	"音声情報学"	"[\"DES-ACD2341J\"]"	"DES"	"ACD"	"2341J"	"[\"若宮　幸平\",\"鏑木　時彦\"]"	"2021-05-11T02:15:10.147Z"	"コース専門科目　Course Specialized Subjects"	"日本語（J）"	"芸術工学部　音響設計コース　Acoustic Design Course"	"学部2年　Undergraduate second grade"	1	2	2021	"冬学期"	"[[\"火曜日\",\"３時限\"],[\"木曜日\",\"４時限\"]]"	"322"	"大橋地区"
21704006	"科学技術とデザイン"	"[\"DES-END2034J\",\"DES-IND2034J\",\"DES-DFT2034J\",\"DES-MED2034J\",\"DES-ACD2034J\"]"	"DES"	"END"	"2034J"	"[\"牛尼　剛聡\",\"伊藤　浩史\",\"小野　直樹\",\"川本　陽一\",\"鮫島　俊哉\",\"鶴野　玲治\",\"藤　智亮\"]"	"2021-05-30T05:52:53.022Z"	"デザインリテラシー科目　Design Literacy Subjects"	"日本語（J）"	"芸術工学部　共通　Environmental Design Course/Industrial Design Course/Design Futures Course/Media Design Course/Acoustic Design Course"	"学部2年　Undergraduate second grade"	1	1	2021	"夏学期"	"[[\"月曜日\",\"２時限\"]]"	"525"	"大橋地区"
21700305	"拡張映像表現スタジオ演習"	"[\"DES-VCD3821J\"]"	"DES"	"VCD"	"3821J"	"[\"石井　達郎\"]"		"専攻教育科目　Specialized Education"	"日本語（J）"	"芸術工学部　画像設計学科　Department of Visual Communication Design"	"学部3年　Undergraduate third grade"	1	2	2021	"前期"	"[[\"金曜日\",\"２時限\"]]"	"画像特殊棟２Fスタジオ/ Visual Communication Design Center 2F"	"大橋地区"
21700306	"画像処理演習"	"[\"DES-VCD3512J\"]"	"DES"	"VCD"	"3512J"	"[\"小野　直樹\"]"		"専攻教育科目　Specialized Education"	"日本語（J）"	"芸術工学部　画像設計学科　Department of Visual Communication Design"	"学部3年　Undergraduate third grade"	1	2	2021	"春学期"	"[[\"火曜日\",\"３時限\"],[\"火曜日\",\"４時限\"]]"	"情報基盤室第1実習室／Computing and communications center Branch in the ohashiarea training room1"	"大橋地区"
21700301	"画像メディア工学演習"	"[\"DES-VCD3532J\"]"	"DES"	"VCD"	"3532J"	"[\"原　健二\"]"		"専攻教育科目　Specialized Education"	"英語及び日本語を併用（E/J）"	"芸術工学部　画像設計学科　Department of Visual Communication Design"	"学部3年　Undergraduate third grade"	1	2	2021	"前期"	"[[\"月曜日\",\"３時限\"]]"	"遠隔/　Online"	"大橋地区"
21700308	"画像論演習"	"[\"DES-VCD3212J\"]"	"DES"	"VCD"	"3212J"	"[\"妹尾　武治\"]"		"専攻教育科目　Specialized Education"	"日本語（J）"	"芸術工学部　画像設計学科　Department of Visual Communication Design"	"学部3年　Undergraduate third grade"	1	2	2021	"前期集中"	"[[\"その他\",\"その他\"]]"	"未定／TBA"	"大橋地区"
21700404	"楽器・音響機器論"	"[\"DES-ACD3531J\"]"	"DES"	"ACD"	"3531J"	"[\"鮫島　俊哉\"]"		"専攻教育科目　Specialized Education"	"日本語（J）"	"芸術工学部　音響設計学科　Department of Acoustic Design"	"学部3年　Undergraduate third grade"	1	2	2021	"前期"	"[[\"水曜日\",\"３時限\"]]"	"321"	"大橋地区"
21702110	"環境形成史"	"[\"DES-END3361J\"]"	"DES"	"END"	"3361J"	"[\"加藤　悠希\"]"		"専攻教育科目　Specialized Education"	"日本語（J）"	"芸術工学部　環境設計学科　Department of Environmental Design"	"学部3年　Undergraduate third grade"	1	2	2021	"冬学期"	"[[\"水曜日\",\"１時限\"],[\"水曜日\",\"２時限\"]]"	"512"	"大橋地区"
21704104	"環境材料論Ⅰ"	"[\"DES-END2521J\"]"	"DES"	"END"	"2521J"	"[\"土屋　潤\"]"	"2022-01-04T04:09:50.811Z"	"コース専門科目　Course Specialized Subjects"	"日本語（J）"	"芸術工学部　環境設計コース　Environmental Design Course"	"学部2年　Undergraduate second grade"	1	1	2021	"春学期"	"[[\"火曜日\",\"２時限\"]]"	"524"	"大橋地区"
21700106	"環境情報論"	"[\"DES-END3671J\"]"	"DES"	"END"	"3671J"	"[\"大井　尚行\"]"		"専攻教育科目　Specialized Education"	"日本語（J）"	"芸術工学部　環境設計学科　Department of Environmental Design"	"学部3年　Undergraduate third grade"	1	2	2021	"前期"	"[[\"月曜日\",\"５時限\"]]"	"532"	"大橋地区"
21705205	"環境生理学"	"[\"DES-IND2142J\"]"	"DES"	"IND"	"2142J"	"[\"前田　享史\"]"	"2021-04-06T05:57:47.169Z"	"コース専門科目　Course Specialized Subjects"	"日本語（J）"	"芸術工学部　インダストリアルデザインコース　Industrial Design Course"	"学部2年　Undergraduate second grade"	1	1	2021	"秋学期"	"[[\"月曜日\",\"３時限\"]]"	"511"	"大橋地区"
21705101	"環境設計基礎Ⅰ"	"[\"DES-END1231J\"]"	"DES"	"END"	"1231J"	"[\"朝廣　和夫\",\"加藤　悠希\"]"	"2021-12-27T09:00:54.199Z"	"コース基礎科目　Course Fundamental Subjects"	"日本語（J）"	"芸術工学部　環境設計コース　Environmental Design Course"	"学部1年　Undergraduate first grade"	1	1	2021	"秋学期"	"[[\"金曜日\",\"４時限\"]]"	"未定/　TBA"	"伊都地区"
21705102	"環境設計基礎Ⅱ"	"[\"DES-IND1412J\"]"	"DES"	"IND"	"1412J"	"[\"髙取　千佳\",\"土屋　潤\",\"吉岡　智和\"]"	"2022-01-31T04:46:36.484Z"	"コース基礎科目　Course Fundamental Subjects"	"日本語（J）"	"芸術工学部　環境設計コース　Environmental Design Course"	"学部1年　Undergraduate first grade"	1	1	2021	"冬学期"	"[[\"金曜日\",\"４時限\"]]"	"未定/　TBA"	"伊都地区"
21704102	"環境設計プロジェクトA"	"[\"DES-END2411J\"]"	"DES"	"END"	"2411J"	"[\"大井　尚行\",\"岩元　真明\",\"加藤　悠希\"]"	"2022-01-13T04:53:12.530Z"	"コース基礎科目　Course Fundamental Subjects"	"英語及び日本語を併用（E/J）"	"芸術工学部　環境設計コース　Environmental Design Course"	"学部2年　Undergraduate second grade"	3	2	2021	"春学期"	"[[\"火曜日\",\"３時限\"],[\"火曜日\",\"４時限\"],[\"火曜日\",\"５時限\"]]"	"2号館2Ｆ製図室/　2building　2F drafting room"	"大橋地区"
21705106	"環境設計プロジェクトC"	"[\"DES-END2413J\"]"	"DES"	"END"	"2413J"	"[\"朝廣　和夫\"]"	"2021-12-27T09:06:10.036Z"	"コース演習科目 (PBL)　Course Seminar Subjects"	"英語及び日本語を併用（E/J）"	"芸術工学部　環境設計コース　Environmental Design Course"	"学部2年　Undergraduate second grade"	1	2	2021	"秋学期"	"[[\"火曜日\",\"３時限\"],[\"火曜日\",\"４時限\"],[\"火曜日\",\"５時限\"]]"	"2号館2Ｆ製図室/　2building　2F drafting room"	"大橋地区"
21705111	"環境設計プロジェクトD"	"[\"DES-END2414J\"]"	"DES"	"END"	"2414J"	"[\"田上　健一\",\"加藤　悠希\"]"	"2022-01-31T06:22:40.569Z"	"コース演習科目 (PBL)　Course Seminar Subjects"	"英語及び日本語を併用（E/J）"	"芸術工学部　環境設計コース　Environmental Design Course"	"学部2年　Undergraduate second grade"	1	2	2021	"冬学期"	"[[\"火曜日\",\"３時限\"],[\"火曜日\",\"４時限\"],[\"火曜日\",\"５時限\"]]"	"2号館2Ｆ製図室/　2building　2F drafting room"	"大橋地区"
21704107	"環境設計プロジェクトB"	"[\"DES-END2412J\"]"	"DES"	"END"	"2412J"	"[\"井上　朝雄\",\"土屋　潤\",\"岩元　真明\"]"	"2022-01-31T04:25:22.429Z"	"コース基礎科目　Course Fundamental Subjects"	"英語及び日本語を併用（E/J）"	"芸術工学部　環境設計コース　Environmental Design Course"	"学部2年　Undergraduate second grade"	3	2	2021	"夏学期"	"[[\"火曜日\",\"３時限\"],[\"火曜日\",\"４時限\"],[\"火曜日\",\"５時限\"]]"	"2号館2Ｆ製図室/　2building　2F drafting room"	"大橋地区"
21700102	"環境設計文献講読"	"[\"DES-END3801W\"]"	"DES"	"END"	"3801W"	"[\"古賀　徹\",\"福島　綾子\",\"今坂　智子\",\"近藤　加代子\"]"		"専攻教育科目　Specialized Education"	"日本語（J）"	"芸術工学部　環境設計学科　Department of Environmental Design"	"学部3年　Undergraduate third grade"	1	2	2021	"前期"	"[[\"火曜日\",\"５時限\"]]"	"532"	"大橋地区"
21700108	"環境総合プロジェクト"	"[\"DES-END4491W\"]"	"DES"	"END"	"4491W"	"[\"加藤　悠希\",\"大井　尚行\",\"髙取　千佳\",\"田上　健一\",\"福島　綾子\",\"吉岡　智和\"]"		"専攻教育科目　Specialized Education"	"英語及び日本語を併用（E/J）"	"芸術工学部　環境設計学科　Department of Environmental Design"	"学部4年　Undergraduate third grade/fourth grade"	1	4	2021	"前期"	"[[\"水曜日\",\"３時限\"],[\"水曜日\",\"４時限\"],[\"水曜日\",\"５時限\"]]"	"2号館2Ｆ製図室 /　2building 2F drafting room"	"大橋地区"
21700109	"環境総合プロジェクトA"	"[\"DES-END4411J\"]"	"DES"	"END"	"4411J"	"[\"田上　健一\",\"吉岡　智和\",\"加藤　悠希\",\"福島　綾子\"]"		"専攻教育科目　Specialized Education"	"日本語（J）"	"芸術工学部　環境設計学科　Department of Environmental Design"	"学部4年　Undergraduate fourth grade"	1	2	2021	"春学期"	"[[\"水曜日\",\"３時限\"],[\"水曜日\",\"４時限\"],[\"水曜日\",\"５時限\"]]"	"2号館2Ｆ製図室 /　2building 2F drafting room"	"大橋地区"
21700110	"環境総合プロジェクトB"	"[\"DES-END4412J\"]"	"DES"	"END"	"4412J"	"[\"大井　尚行\",\"髙取　千佳\",\"加藤　悠希\"]"		"専攻教育科目　Specialized Education"	"日本語（J）"	"芸術工学部　環境設計学科　Department of Environmental Design"	"学部4年　Undergraduate fourth grade"	1	2	2021	"夏学期"	"[[\"水曜日\",\"３時限\"],[\"水曜日\",\"４時限\"],[\"水曜日\",\"５時限\"]]"	"2号館2Ｆ製図室 /　2building 2F drafting room"	"大橋地区"
21700104	"環境テクノロジー実習"	"[\"DES-END3821W\"]"	"DES"	"END"	"3821W"	"[\"川本　陽一\",\"吉岡　智和\"]"		"専攻教育科目　Specialized Education"	"日本語（J）"	"芸術工学部　環境設計学科　Department of Environmental Design"	"学部3年　Undergraduate third grade"	1	2	2021	"前期"	"[[\"木曜日\",\"３時限\"],[\"木曜日\",\"４時限\"]]"	"2号館2Ｆ製図室,環境実験棟/　2building 2F drafting room"	"大橋地区"
21705317	"環境と持続可能性"	"[\"DES-DFT3221W\"]"	"DES"	"DFT"	"3221W"	"[\"近藤　加代子\"]"	"2021-10-11T03:18:59.384Z"	"コース基礎科目　Course Fundamental Subjects"	"英語及び日本語を併用（E/J）"	"芸術工学部　未来構想デザインコース　Design Futures Course"	"学部2年　Undergraduate second grade"	3	1	2021	"秋学期"	"[[\"月曜日\",\"２時限\"]]"	"532"	"大橋地区"
21700209	"環境人間工学（2019年度以前入学者対象）"	"[\"DES-IND3122J\"]"	"DES"	"IND"	"3122J"	"[\"前田　享史\"]"		"専攻教育科目　Specialized Education"	"日本語（J）"	"芸術工学部　工業設計学科　Department of Industrial Design"	"学部3年　Undergraduate third grade"	1	2	2021	"前期"	"[[\"火曜日\",\"５時限\"]]"	"512"	"大橋地区"
21702106	"環境文化財論"	"[\"DES-END3363J\"]"	"DES"	"END"	"3363J"	"[\"福島　綾子\"]"		"専攻教育科目　Specialized Education"	"日本語（J）"	"芸術工学部　環境設計学科　Department of Environmental Design"	"学部3年　Undergraduate third grade"	1	2	2021	"後期"	"[[\"木曜日\",\"３時限\"]]"	"524"	"大橋地区"
21702103	"環境倫理学"	"[\"DES-END3172J\"]"	"DES"	"END"	"3172J"	"[\"古賀　徹\"]"		"専攻教育科目　Specialized Education"	"日本語（J）"	"芸術工学部　環境設計学科　Department of Environmental Design"	"学部3年　Undergraduate third grade"	1	2	2021	"後期"	"[[\"月曜日\",\"３時限\"]]"	"遠隔"	"大橋地区"
21700210	"感性科学（2019年度以前入学者対象）"	"[\"DES-IND3121Ｊ\"]"	"DES"	"IN"	"D"	"[\"樋口　重和\"]"		"専攻教育科目　Specialized Education"	"日本語（J）"	"芸術工学部　工業設計学科　Department of Industrial Design"	"学部3年　Undergraduate third grade"	1	2	2021	"前期集中"	"[[\"その他\",\"その他\"]]"	"未定／TBA"	"大橋地区"
21702002	"機械学習"	"[\"DES-VCD3061J DES-AID3612J\"]"	"DES"	"VCD"	"3061J"	"[\"丸山　修\"]"		"専攻教育科目　Specialized Education"	"日本語（J）"	"芸術工学部　工業設計学科/画像設計学科/芸術情報設計学科　Department of Industrial Design/Department of Visual Communication Design/Department of Art and Information Design"	"学部3年　Undergraduate third grade"	1	2	2021	"後期"	"[[\"木曜日\",\"２時限\"]]"	"511"	"大橋地区"
21702209	"機能工学基礎"	"[\"DES-IND3524J\"]"	"DES"	"IND"	"3524J"	"[\"藤　智亮\"]"		"専攻教育科目　Specialized Education"	"日本語（J）"	"芸術工学部　工業設計学科　Department of Industrial Design"	"学部3年　Undergraduate third grade"	1	2	2021	"後期"	"[[\"火曜日\",\"２時限\"]]"	"512"	"大橋地区"
21704011	"基礎造形Ⅰ"	"[\"DES-END2021J\",\"DES-IND2021J\",\"DES-DFT2021J\",\"DES-MED2021J\",\"DES-ACD2021J\"]"	"DES"	"END"	"2021J"	"[\"栗山　斉\",\"知足　美加子\"]"	"2021-05-27T07:13:51.961Z"	"デザインリテラシー科目　Design Literacy Subjects"	"日本語（J）"	"芸術工学部　共通　Environmental Design Course/Industrial Design Course/Design Futures Course/Media Design Course/Acoustic Design Course"	"学部2年　Undergraduate second grade"	3	1	2021	"春学期"	"[[\"月曜日\",\"３時限\"],[\"月曜日\",\"４時限\"]]"	"共同製図室，工作工房1～３F/5building4F drafting room,Desgin Workshop 1-3F"	"大橋地区"
21704012	"基礎造形Ⅰ"	"[\"DES-END2021J\",\"DES-IND2021J\",\"DES-DFT2021J\",\"DES-MED2021J\",\"DES-ACD2021J\"]"	"DES"	"END"	"2021J"	"[\"栗山　斉\",\"知足　美加子\"]"	"2021-05-27T07:15:03.183Z"	"デザインリテラシー科目　Design Literacy Subjects"	"日本語（J）"	"芸術工学部　共通　Environmental Design Course/Industrial Design Course/Design Futures Course/Media Design Course/Acoustic Design Course"	"学部2年　Undergraduate second grade"	3	1	2021	"春学期"	"[[\"火曜日\",\"３時限\"],[\"火曜日\",\"４時限\"]]"	"共同製図室，工作工房1～３F/5building4F drafting room,Desgin Workshop 1-3F"	"大橋地区"
21704013	"基礎造形Ⅰ"	"[\"DES-END2021J\",\"DES-IND2021J\",\"DES-DFT2021J\",\"DES-MED2021J\",\"DES-ACD2021J\"]"	"DES"	"END"	"2021J"	"[\"栗山　斉\",\"知足　美加子\"]"	"2021-05-27T07:14:19.880Z"	"デザインリテラシー科目　Design Literacy Subjects"	"日本語（J）"	"芸術工学部　共通　Environmental Design Course/Industrial Design Course/Design Futures Course/Media Design Course/Acoustic Design Course"	"学部2年　Undergraduate second grade"	3	1	2021	"夏学期"	"[[\"月曜日\",\"３時限\"],[\"月曜日\",\"４時限\"]]"	"共同製図室，工作工房1～３F/5building4F drafting room,Desgin Workshop 1-3F"	"大橋地区"
21704014	"基礎造形Ⅰ"	"[\"DES-END2021J\",\"DES-IND2021J\",\"DES-DFT2021J\",\"DES-MED2021J\",\"DES-ACD2021J\"]"	"DES"	"END"	"2021J"	"[\"栗山　斉\",\"知足　美加子\"]"	"2021-05-27T07:15:24.413Z"	"デザインリテラシー科目　Design Literacy Subjects"	"日本語（J）"	"芸術工学部　共通　Environmental Design Course/Industrial Design Course/Design Futures Course/Media Design Course/Acoustic Design Course"	"学部2年　Undergraduate second grade"	3	1	2021	"夏学期"	"[[\"火曜日\",\"３時限\"],[\"火曜日\",\"４時限\"]]"	"共同製図室，工作工房1～３F/5building4F drafting room,Desgin Workshop 1-3F"	"大橋地区"
21705011	"基礎造形Ⅲ"	"[\"DES-IND2023J\",\"DES-END2023J\",\"DES-DFT2023J\",\"DES-MED2023J\",\"DES-ACD2023J\"]"	"DES"	"IND"	"2023J"	"[\"知足　美加子\",\"栗山　斉\"]"	"2021-05-27T11:42:31.834Z"	"デザインリテラシー科目　Design Literacy Subjects"	"日本語（J）"	"芸術工学部　共通　Environmental Design Course/Industrial Design Course/Design Futures Course/Media Design Course/Acoustic Design Course"	"学部2年　Undergraduate second grade"	1	1	2021	"秋学期"	"[[\"月曜日\",\"３時限\"],[\"月曜日\",\"４時限\"]]"	"工作工房（1F総合作業室，2F溶接作業室）/Desgin Workshop ,1-2F"	"大橋地区"
21705012	"基礎造形Ⅲ"	"[\"DES-IND2023J\",\"DES-END2023J\",\"DES-DFT2023J\",\"DES-MED2023J\",\"DES-ACD2023J\"]"	"DES"	"IND"	"2023J"	"[\"栗山　斉\",\"知足　美加子\"]"	"2021-05-27T12:05:26.338Z"	"デザインリテラシー科目　Design Literacy Subjects"	"日本語（J）"	"芸術工学部　共通　Environmental Design Course/Industrial Design Course/Design Futures Course/Media Design Course/Acoustic Design Course"	"学部2年　Undergraduate second grade"	1	1	2021	"冬学期"	"[[\"火曜日\",\"３時限\"],[\"火曜日\",\"４時限\"]]"	"工作工房（1F総合作業室，2F溶接作業室）/Desgin Workshop ,1-2F"	"大橋地区"
21704015	"基礎造形Ⅱ"	"[\"DES-END2022J\",\"DES-IND2022J\",\"DES-DFT2022J\",\"DES-MED2022J\",\"DES-ACD2022J\"]"	"DES"	"END"	"2022J"	"[\"栗山　斉\",\"城　一裕\",\"齋藤　一哉\"]"	"2021-04-09T06:02:44.222Z"	"デザインリテラシー科目　Design Literacy Subjects"	"日本語（J）"	"芸術工学部　共通　Environmental Design Course/Industrial Design Course/Design Futures Course/Media Design Course/Acoustic Design Course"	"学部2年　Undergraduate second grade"	3	1	2021	"春学期"	"[[\"月曜日\",\"３時限\"],[\"月曜日\",\"４時限\"]]"	"共同製図室，工作工房1～３F/5building4F drafting room,Desgin Workshop 1-3F"	"大橋地区"
21704016	"基礎造形Ⅱ"	"[\"DES-END2022J\",\"DES-IND2022J\",\"DES-DFT2022J\",\"DES-MED2022J\",\"DES-ACD2022J\"]"	"DES"	"END"	"2022J"	"[\"栗山　斉\",\"城　一裕\",\"齋藤　一哉\"]"	"2021-04-02T07:05:14.213Z"	"デザインリテラシー科目　Design Literacy Subjects"	"日本語（J）"	"芸術工学部　共通　Environmental Design Course/Industrial Design Course/Design Futures Course/Media Design Course/Acoustic Design Course"	"学部2年　Undergraduate second grade"	3	1	2021	"春学期"	"[[\"火曜日\",\"３時限\"],[\"火曜日\",\"４時限\"]]"	"共同製図室，工作工房1～３F/5building4F drafting room,Desgin Workshop 1-3F"	"大橋地区"
21704017	"基礎造形Ⅱ"	"[\"DES-END2022J\",\"DES-IND2022J\",\"DES-DFT2022J\",\"DES-MED2022J\",\"DES-ACD2022J\"]"	"DES"	"END"	"2022J"	"[\"栗山　斉\",\"齋藤　一哉\",\"城　一裕\"]"	"2021-04-02T07:05:58.480Z"	"デザインリテラシー科目　Design Literacy Subjects"	"日本語（J）"	"芸術工学部　共通　Environmental Design Course/Industrial Design Course/Design Futures Course/Media Design Course/Acoustic Design Course"	"学部2年　Undergraduate second grade"	3	1	2021	"夏学期"	"[[\"月曜日\",\"３時限\"],[\"月曜日\",\"４時限\"]]"	"共同製図室，工作工房1～３F/5building4F drafting room,Desgin Workshop 1-3F"	"大橋地区"
21704018	"基礎造形Ⅱ"	"[\"DES-END2022J\",\"DES-IND2022J\",\"DES-DFT2022J\",\"DES-MED2022J\",\"DES-ACD2022J\"]"	"DES"	"END"	"2022J"	"[\"栗山　斉\",\"齋藤　一哉\",\"城　一裕\"]"	"2021-04-02T07:06:17.926Z"	"デザインリテラシー科目　Design Literacy Subjects"	"日本語（J）"	"芸術工学部　共通　Environmental Design Course/Industrial Design Course/Design Futures Course/Media Design Course/Acoustic Design Course"	"学部2年　Undergraduate second grade"	3	1	2021	"夏学期"	"[[\"火曜日\",\"３時限\"],[\"火曜日\",\"４時限\"]]"	"共同製図室，工作工房1～３F/5building4F drafting room,Desgin Workshop 1-3F"	"大橋地区"
21705013	"基礎造形Ⅳ"	"[\"DES-END2024\",\"JDES-IND2024J\",\"DES-DFT2024J\",\"DES-MED2024J\",\"DES-ACD2024J\"]"	"DES"	"EN"	"D"	"[\"城　一裕\",\"齋藤　一哉\",\"中村　恭子\"]"	"2021-05-19T23:28:59.867Z"	"デザインリテラシー科目　Design Literacy Subjects"	"日本語（J）"	"芸術工学部　共通　Environmental Design Course/Industrial Design Course/Design Futures Course/Media Design Course/Acoustic Design Course"	"学部2年　Undergraduate second grade"	1	1	2021	"秋学期"	"[[\"火曜日\",\"３時限\"],[\"火曜日\",\"４時限\"]]"	"未定／TBA"	"大橋地区"
21705014	"基礎造形Ⅳ"	"[\"DES-END2024\",\"JDES-IND2024J\",\"DES-DFT2024J\",\"DES-MED2024J\",\"DES-ACD2024J\"]"	"DES"	"EN"	"D"	"[\"中村　恭子\",\"城　一裕\",\"齋藤　一哉\"]"	"2021-05-19T23:29:48.835Z"	"デザインリテラシー科目　Design Literacy Subjects"	"日本語（J）"	"芸術工学部　共通　Environmental Design Course/Industrial Design Course/Design Futures Course/Media Design Course/Acoustic Design Course"	"学部2年　Undergraduate second grade"	1	1	2021	"冬学期"	"[[\"月曜日\",\"３時限\"],[\"月曜日\",\"４時限\"]]"	"未定／TBA"	"大橋地区"
21702203	"機能工学デザイン演習"	"[\"DES-IND3543J\"]"	"DES"	"IND"	"3543J"	"[\"藤　智亮\"]"		"専攻教育科目　Specialized Education"	"日本語（J）"	"芸術工学部　工業設計学科　Department of Industrial Design"	"学部3年　Undergraduate third grade"	1	2	2021	"後期"	"[[\"火曜日\",\"３時限\"],[\"火曜日\",\"４時限\"]]"	"524"	"大橋地区"
21700206	"機能デザイン論"	"[\"DES-IND3521J\"]"	"DES"	"IND"	"3521J"	"[\"竹之内　和樹\"]"		"専攻教育科目　Specialized Education"	"日本語（J）"	"芸術工学部　工業設計学科　Department of Industrial Design"	"学部3年　Undergraduate third grade"	1	2	2021	"前期"	"[[\"木曜日\",\"３時限\"]]"	"521"	"大橋地区"
21704314	"共通課題PBL演習A"	"[\"DES-DFT1611W\"]"	"DES"	"DFT"	"1611W"	"[\"井上　滋樹\",\"池田　美奈子\",\"伊藤　浩史\"]"	"2021-05-27T13:12:07.790Z"	"コース演習科目 (PBL)　Course Seminar Subjects"	"英語及び日本語を併用（E/J）"	"芸術工学部　未来構想デザインコース　Design Futures Course"	"学部2年　Undergraduate second grade"	1	4	2021	"夏学期"	"[[\"火曜日\",\"３時限\"],[\"火曜日\",\"４時限\"],[\"火曜日\",\"５時限\"]]"	"524"	"大橋地区"
21702306	"銀塩写真演習"	"[\"DES-VCD3491J\"]"	"DES"	"VCD"	"3491J"	"[\"須長　正治\"]"		"専攻教育科目　Specialized Education"	"日本語（J）"	"芸術工学部　画像設計学科　Department of Visual Communication Design"	"学部3年　Undergraduate third grade"	1	2	2021	"後期集中"	"[[\"その他\",\"その他\"]]"	"画像特殊棟/Visual communication design center"	"大橋地区"
21705103	"空間情報分析実習Ⅰ"	"[\"DES-END2821J\"]"	"DES"	"END"	"2821J"	"[\"髙取　千佳\"]"	"2022-01-31T05:54:57.121Z"	"コース基礎科目　Course Fundamental Subjects"	"日本語（J）"	"芸術工学部　環境設計コース　Environmental Design Course"	"学部2年　Undergraduate second grade"	3	1	2021	"秋学期"	"[[\"木曜日\",\"２時限\"],[\"木曜日\",\"３時限\"]]"	"2号館2Ｆ製図室/　2building　2F drafting room"	"大橋地区"
21705107	"空間情報分析実習Ⅱ"	"[\"DES-END2822J\"]"	"DES"	"END"	"2822J"	"[\"髙取　千佳\"]"	"2022-01-31T06:05:21.013Z"	"コース基礎科目　Course Fundamental Subjects"	"日本語（J）"	"芸術工学部　環境設計コース　Environmental Design Course"	"学部2年　Undergraduate second grade"	3	1	2021	"冬学期"	"[[\"木曜日\",\"２時限\"],[\"木曜日\",\"３時限\"]]"	"2号館2Ｆ製図室/　2building　2F drafting room"	"大橋地区"
21704101	"空間デザイン実習"	"[\"DES-END2811J\"]"	"DES"	"END"	"2811J"	"[\"井上　朝雄\",\"吉岡　智和\"]"	"2022-01-31T04:08:43.691Z"	"コース基礎科目　Course Fundamental Subjects"	"日本語（J）"	"芸術工学部　環境設計コース　Environmental Design Course"	"学部2年　Undergraduate second grade"	3	2	2021	"春学期"	"[[\"月曜日\",\"１時限\"],[\"月曜日\",\"２時限\"]]"	"2号館2Ｆ製図室/　2building　2F drafting room"	"大橋地区"
21700302	"グラフィックスアルゴリズム演習"	"[\"DES-VCD3622J\"]"	"DES"	"VCD"	"3622J"	"[\"井上　光平\"]"		"専攻教育科目　Specialized Education"	"英語及び日本語を併用（E/J）"	"芸術工学部　画像設計学科　Department of Visual Communication Design"	"学部3年　Undergraduate third grade"	1	2	2021	"夏学期"	"[[\"火曜日\",\"３時限\"],[\"木曜日\",\"３時限\"]]"	"情報基盤室第1実習室／Computing and communications center Branch in the ohashiarea training room1"	"大橋地区"
21705409	"グラフィックデザイン"	"[\"DES-MED2214J\"]"	"DES"	"MED"	"2214J"	"[\"工藤　真生\"]"	"2021-12-03T08:55:54.759Z"	"コース専門科目　Course Specialized Subjects"	"英語及び日本語を併用（E/J）"	"芸術工学部　メディアデザインコース　Media Design Course"	"学部2年　Undergraduate second grade"	1	1	2021	"冬学期"	"[[\"火曜日\",\"２時限\"]]"	"521"	"大橋地区"
21700303	"グラフィックデザイン演習"	"[\"DES-VCD3811J\"]"	"DES"	"VCD"	"3811J"	"[\"伊原　久裕\"]"		"専攻教育科目　Specialized Education"	"英語及び日本語を併用（E/J）"	"芸術工学部　画像設計学科　Department of Visual Communication Design"	"学部3年　Undergraduate third grade"	1	2	2021	"前期"	"[[\"月曜日\",\"５時限\"]]"	"531, 情報基盤室第1実習室／531, Computing and communications center Branch in the ohashiarea training room1"	"大橋地区"
21704302	"クリティカルシンキング"	"[\"DES-DFT1511J\"]"	"DES"	"DFT"	"1511J"	"[\"古賀　徹\",\"LOH Wei Leong\"]"	"2021-05-25T06:09:41.142Z"	"コース基礎科目　Course Fundamental Subjects"	"英語及び日本語を併用（E/J）"	"芸術工学部　未来構想デザインコース　Design Futures Course"	"学部2年　Undergraduate second grade"	3	1	2021	"春学期"	"[[\"月曜日\",\"５時限\"]]"	"512"	"大橋地区"
21702202	"計画設計プロジェクト演習"	"[\"DES-IND3341W\"]"	"DES"	"IND"	"3341W"	"[\"曽我部　春香\",\"秋田　直繁\",\"池田　美奈子\",\"尾方　義人\",\"杉本　美貴\",\"田村　良一\",\"平井　康之\",\"松前　あかね\"]"		"専攻教育科目　Specialized Education"	"英語及び日本語を併用（E/J）"	"芸術工学部　工業設計学科　Department of Industrial Design"	"学部3年　Undergraduate third grade"	1	2	2021	"後期"	"[[\"月曜日\",\"３時限\"],[\"月曜日\",\"４時限\"]]"	"工作工房1F, 5号館4F 共同製図室／Desgin Workshop 1F､　Building 5, 4F drafting room"	"大橋地区"
21702503	"芸術情報総合演習"	"[\"DES-AID3814W\"]"	"DES"	"AID"	"3814W"	"[\"丸山　修\",\"麻生　典\",\"伊藤　浩史\",\"稲村　徳州\",\"牛尼　剛聡\",\"大島　久雄\",\"金　大雄\",\"高木　英行\",\"鶴野　玲治\",\"知足　美加子\",\"冬野　美晴\",\"関　元秀\",\"吉村　理一\"]"		"専攻教育科目　Specialized Education"	"英語及び日本語を併用（E/J）"	"芸術工学部　芸術情報設計学科　Department of Art and Information Design"	"学部3年　Undergraduate third grade"	1	2	2021	"後期"	"[[\"火曜日\",\"３時限\"]]"	"525"	"大橋地区"
21700505	"芸術情報プロジェクト演習"	"[\"DES-AID3813W\"]"	"DES"	"AID"	"3813W"	"[\"丸山　修\",\"麻生　典\",\"伊藤　浩史\",\"大島　久雄\",\"関　元秀\",\"稲村　徳州\",\"牛尼　剛聡\",\"金　大雄\",\"高木　英行\",\"鶴野　玲治\",\"知足　美加子\",\"冬野　美晴\",\"吉村　理一\"]"		"専攻教育科目　Specialized Education"	"英語及び日本語を併用（E/J）"	"芸術工学部　芸術情報設計学科　Department of Art and Information Design"	"学部3年　Undergraduate third grade"	1	2	2021	"前期"	"[[\"金曜日\",\"２時限\"]]"	"531"	"大橋地区"
21705304	"芸術表現論"	"[\"DES-DFT2121W\"]"	"DES"	"DFT"	"2121W"	"[\"池田　美奈子\",\"片山　雅史\"]"	"2021-11-30T00:37:04.662Z"	"コース専門科目　Course Specialized Subjects"	"英語及び日本語を併用（E/J）"	"芸術工学部　未来構想デザインコース　Design Futures Course"	"学部2年　Undergraduate second grade"	1	1	2021	"後期集中"	"[[\"その他\",\"その他\"]]"	"未定／TBA"	"大橋地区"
21702507	"芸術文化環境論"	"[\"DES-AID2221J\"]"	"DES"	"AID"	"2221J"	"[\"吉村　理一\"]"		"専攻教育科目　Specialized Education"	"日本語（J）"	"芸術工学部　環境設計学科/芸術情報設計学科　Department of Environmental Design/Department of Art and Information Design"	"(2019年度以前入学者対象) 環境設計学科：学部3年/芸術情報設計学科：学部2年生　Department of Environmental Design：Undergraduate third grade/Department of Art and Information Design：Undergraduate second grade"	1	2	2021	"後期集中"	"[[\"その他\",\"その他\"]]"	"未定／TBA"	"大橋地区"
21702505	"芸術文化施設論"	"[\"DES-AID3214J\"]"	"DES"	"AID"	"3214J"	"[\"吉村　理一\",\"麻生　典\",\"冬野　美晴\"]"		"専攻教育科目　Specialized Education"	"日本語（J）"	"芸術工学部　芸術情報設計学科　Department of Art and Information Design"	"学部3年　Undergraduate third grade"	1	2	2021	"後期"	"[[\"火曜日\",\"４時限\"]]"	"525"	"大橋地区"
21705309	"芸術文化論"	"[\"DES-DFT2531J\"]"	"DES"	"DFT"	"2531J"	"[\"古賀　徹\"]"	"2021-05-20T08:14:51.518Z"	"コース専門科目　Course Specialized Subjects"	"日本語（J）"	"芸術工学部　未来構想デザインコース　Design Futures Course"	"学部2年　Undergraduate second grade"	1	1	2021	"冬学期"	"[[\"火曜日\",\"２時限\"]]"	"遠隔授業　/　Online"	"大橋地区"
21705403	"ゲームデザイン"	"[\"DES-MED2213J\"]"	"DES"	"MED"	"2213J"	"[\"松隈　浩之\"]"	"2021-09-29T03:07:28.894Z"	"コース専門科目　Course Specialized Subjects"	"日本語（J）"	"芸術工学部　メディアデザインコース　Media Design Course"	"学部2年　Undergraduate second grade"	1	2	2021	"秋学期"	"[[\"金曜日\",\"２時限\"],[\"金曜日\",\"３時限\"]]"	"524"	"大橋地区"
21702305	"現代芸術とコミュニケーション演習"	"[\"DES-VCD3341J\"]"	"DES"	"VCD"	"3341J"	"[\"藤　紀里子\"]"		"専攻教育科目　Specialized Education"	"日本語（J）"	"芸術工学部　画像設計学科　Department of Visual Communication Design"	"学部3年　Undergraduate third grade"	1	2	2021	"後期集中"	"[[\"その他\",\"その他\"]]"	"対面+遠隔 *Moodleにて事前連絡　／ in-person, Online　*TBA via Moodle"	"大橋地区"
21700201	"現代生活デザイン論・演習"	"[\"DES-IND3311W\"]"	"DES"	"IND"	"3311W"	"[\"池田　美奈子\"]"		"専攻教育科目　Specialized Education"	"英語及び日本語を併用（E/J）"	"芸術工学部　工業設計学科　Department of Industrial Design"	"学部3年　Undergraduate third grade"	1	3	2021	"前期"	"[[\"月曜日\",\"３時限\"],[\"月曜日\",\"４時限\"]]"	"512"	"大橋地区"
21700101	"建築空間設計論"	"[\"DES-END3351J\"]"	"DES"	"END"	"3351J"	"[\"鵜飼　哲矢\"]"		"専攻教育科目　Specialized Education"	"日本語（J）"	"芸術工学部　環境設計学科　Department of Environmental Design"	"学部3年　Undergraduate third grade"	1	2	2021	"夏学期"	"[[\"月曜日\",\"３時限\"],[\"月曜日\",\"４時限\"]]"	"524"	"大橋地区"
21702108	"建築生産"	"[\"DES-END3392J\"]"	"DES"	"END"	"3392J"	"[\"井上　朝雄\"]"		"専攻教育科目　Specialized Education"	"日本語（J）"	"芸術工学部　環境設計学科　Department of Environmental Design"	"学部3年　Undergraduate third grade"	1	2	2021	"後期集中"	"[[\"その他\",\"その他\"]]"	"未定／TBA"	"大橋地区"
21700208	"工業設計プロジェクト研究"	"[\"DES-IND4811W\"]"	"DES"	"IND"	"4811W"	"[\"竹之内　和樹\",\"平井　康之\",\"西村　貴孝\"]"		"専攻教育科目　Specialized Education"	"日本語（J）"	"芸術工学部　工業設計学科　Department of Industrial Design"	"学部4年/fourth grade"	1	2	2021	"前期"	"[[\"木曜日\",\"４時限\"],[\"木曜日\",\"５時限\"]]"	"共同製図室，工作工房1F総合作業室，2Ｆ作業室　/5building4F drafting room,　Desgin Workshop　1F&3F"	"大橋地区"
21702104	"構造システム論"	"[\"DES-END3551J\"]"	"DES"	"END"	"3551J"	"[\"吉岡　智和\"]"		"専攻教育科目　Specialized Education"	"日本語（J）"	"芸術工学部　環境設計学科　Department of Environmental Design"	"学部3年　Undergraduate third grade"	1	2	2021	"後期"	"[[\"火曜日\",\"３時限\"]]"	"512"	"大橋地区"
21704103	"構造理論Ⅰ"	"[\"DES-END2511J\"]"	"DES"	"END"	"2511J"	"[\"吉岡　智和\"]"	"2022-01-19T03:57:50.461Z"	"コース専門科目　Course Specialized Subjects"	"日本語（J）"	"芸術工学部　環境設計コース　Environmental Design Course"	"学部2年　Undergraduate second grade"	1	1	2021	"春学期"	"[[\"水曜日\",\"２時限\"]]"	"521"	"大橋地区"
21704108	"構造理論Ⅱ"	"[\"DES-END2512J\"]"	"DES"	"END"	"2512J"	"[\"吉岡　智和\"]"	"2022-01-19T03:58:14.103Z"	"コース専門科目　Course Specialized Subjects"	"日本語（J）"	"芸術工学部　環境設計コース　Environmental Design Course"	"学部2年　Undergraduate second grade"	1	1	2021	"夏学期"	"[[\"水曜日\",\"２時限\"]]"	"521"	"大橋地区"
21702210	"行動生理学（2019年度以前入学者対象）"	"[\"DES-IND2123J\"]"	"DES"	"IND"	"2123J"	"[\"樋口　重和\"]"		"専攻教育科目　Specialized Education"	"日本語（J）"	"芸術工学部　工業設計学科　Department of Industrial Design"	"学部2年　Undergraduate second grade"	1	2	2021	"冬学期"	"[[\"金曜日\",\"２時限\"]]"	"521"	"大橋地区"
21705210	"行動生理学（2020年度入学者対象）"	"[\"DES-IND2152J\"]"	"DES"	"IND"	"2152J"	"[\"樋口　重和\"]"	"2021-05-29T05:11:26.862Z"	"コース専門科目　Course Specialized Subjects"	"日本語（J）"	"芸術工学部　インダストリアルデザインコース　Industrial Design Course"	"学部2年　Undergraduate second grade"	1	1	2021	"冬学期"	"[[\"金曜日\",\"２時限\"]]"	"521"	"大橋地区"
21700107	"構法設計論"	"[\"DES-END3391J\"]"	"DES"	"END"	"3391J"	"[\"井上　朝雄\"]"		"専攻教育科目　Specialized Education"	"日本語（J）"	"芸術工学部　環境設計学科　Department of Environmental Design"	"学部3年　Undergraduate third grade"	1	2	2021	"前期集中"	"[[\"その他\",\"その他\"]]"	"未定／TBA"	"大橋地区"
21704041	"コース融合プロジェクトA"	"[\"DES-END2051J\",\"DES-IND2321J\",\"DES-DFT2051J\",\"DES-MED2051J\",\"DES-ACD2051J\"]"	"DES"	"END"	"2051J"	"[\"伊原　久裕\",\"尾方　義人\",\"迫坪　知広\"]"	"2021-04-05T11:02:23.773Z"	"融合プロジェクト・プラットフォーム　Integrative Projects/Platforms"	"日本語（J）"	"芸術工学部　共通　Environmental Design Course/Industrial Design Course/Design Futures Course/Media Design Course/Acoustic Design Course"	"学部2年　Undergraduate second grade"	1	4	2021	"夏学期"	"[[\"金曜日\",\"３時限\"],[\"金曜日\",\"４時限\"],[\"金曜日\",\"５時限\"]]"	"511"	"大橋地区"
21705041	"コース融合プロジェクトB"	"[\"DES-END2052J\",\"DES-IND2322J\",\"DES-DFT2052J\",\"DES-MED2052J\",\"DES-ACD2052J\"]"	"DES"	"END"	"2052J"	"[\"尾方　義人\"]"	"2021-10-02T07:55:27.313Z"	"融合プロジェクト・プラットフォーム　Integrative Projects/Platforms"	"日本語（J）"	"芸術工学部　共通　Environmental Design Course/Industrial Design Course/Design Futures Course/Media Design Course/Acoustic Design Course"	"学部2年　Undergraduate second grade"	1	4	2021	"秋学期"	"[[\"木曜日\",\"３時限\"],[\"木曜日\",\"４時限\"],[\"木曜日\",\"５時限\"]]"	"1号館2F 学生部屋"	"大橋地区

  六本松地区"
21705407	"言葉とコミュニケーション"	"[\"DES-MED2411J\"]"	"DES"	"MED"	"2411J"	"[\"冬野　美晴\",\"吉村　理一\"]"	"2021-11-01T03:58:20.996Z"	"コース専門科目　Course Specialized Subjects"	"日本語（J）"	"芸術工学部　メディアデザインコース　Media Design Course"	"学部2年　Undergraduate second grade"	1	2	2021	"秋学期"	"[[\"木曜日\",\"２時限\"],[\"木曜日\",\"３時限\"]]"	"531"	"大橋地区"
21705412	"コミュニケーションデザイン演習Ⅰ"	"[\"DES-MED2521J\"]"	"DES"	"MED"	"2521J"	"[\"藤　紀里子\"]"	"2021-05-28T08:27:27.261Z"	"コース演習科目 (PBL)　Course Seminar Subjects"	"英語及び日本語を併用（E/J）"	"芸術工学部　メディアデザインコース　Media Design Course"	"学部2年　Undergraduate second grade"	1	2	2021	"冬学期"	"[[\"月曜日\",\"３時限\"],[\"月曜日\",\"４時限\"]]"	"531"	"大橋地区"
21705303	"コンセプト論"	"[\"DES-DFT1111J\"]"	"DES"	"DFT"	"1111J"	"[\"池田　美奈子\"]"	"2021-10-03T15:32:49.813Z"	"コース基礎科目　Course Fundamental Subjects"	"英語及び日本語を併用（E/J）"	"芸術工学部　未来構想デザインコース　Design Futures Course"	"学部2年　Undergraduate second grade"	3	1	2021	"秋学期"	"[[\"火曜日\",\"４時限\"]]"	"512"	"大橋地区"
21705408	"コンテンツデザイン演習Ⅰ"	"[\"DES-MED2571J\"]"	"DES"	"MED"	"2571J"	"[\"石井　達郎\",\"金　大雄\"]"	"2021-05-28T01:15:51.329Z"	"コース演習科目 (PBL)　Course Seminar Subjects"	"日本語（J）"	"芸術工学部　メディアデザインコース　Media Design Course"	"学部2年　Undergraduate second grade"	1	2	2021	"秋学期"	"[[\"木曜日\",\"４時限\"],[\"木曜日\",\"５時限\"]]"	"531,7号館2階パソコン室 /531,7 building 2F Mac room"	"大橋地区"
21702304	"コンピュータアニメーション演習"	"[\"DES-VCD3421J\"]"	"DES"	"VCD"	"3421J"	"[\"森本　有紀\"]"		"専攻教育科目　Specialized Education"	"英語及び日本語を併用（E/J）"	"芸術工学部　画像設計学科　Department of Visual Communication Design"	"学部3年　Undergraduate third grade"	1	2	2021	"後期"	"[[\"金曜日\",\"２時限\"]]"	"7号館1F　シアタールーム/511"	"大橋地区"
21705406	"コンピュータグラフィックス"	"[\"DES-MED2323J\"]"	"DES"	"MED"	"2323J"	"[\"鶴野　玲治\"]"	"2021-09-20T17:10:39.155Z"	"コース専門科目　Course Specialized Subjects"	"英語及び日本語を併用（E/J）"	"芸術工学部　メディアデザインコース　Media Design Course"	"学部2年　Undergraduate second grade"	1	2	2021	"秋学期"	"[[\"月曜日\",\"４時限\"],[\"月曜日\",\"５時限\"]]"	"521"	"大橋地区"
21704206	"サービスデザイン概論"	"[\"DES-IND2221J\"]"	"DES"	"IND"	"2221J"	"[\"田村　良一\",\"松前　あかね\",\"都甲　康至\"]"	"2021-03-29T09:21:42.023Z"	"コース基礎科目　Course Fundamental Subjects"	"日本語（J）"	"芸術工学部　インダストリアルデザインコース　Industrial Design Course"	"学部2年　Undergraduate second grade"	3	1	2021	"夏学期"	"[[\"木曜日\",\"３時限\"]]"	"512"	"大橋地区"
21705208	"サービスデザイン実践論"	"[\"DES-IND2222J\"]"	"DES"	"IND"	"2222J"	"[\"田村　良一\",\"松前　あかね\",\"都甲　康至\"]"	"2021-09-01T03:24:39.692Z"	"コース専門科目　Course Specialized Subjects"	"日本語（J）"	"芸術工学部　インダストリアルデザインコース　Industrial Design Course"	"学部2年　Undergraduate second grade"	1	1	2021	"秋学期"	"[[\"木曜日\",\"５時限\"]]"	"7号館１F　ワークショップ室"	"大橋地区"
21702301	"視覚芸術学プロジェクト"	"[\"DES-VCD3831J\"]"	"DES"	"VCD"	"3831J"	"[\"石井　達郎\",\"伊原　久裕\",\"工藤　真生\",\"松隈　浩之\",\"藤　紀里子\",\"森本　有紀\"]"		"専攻教育科目　Specialized Education"	"英語及び日本語を併用（E/J）"	"芸術工学部　画像設計学科　Department of Visual Communication Design"	"学部3年　Undergraduate third grade"	1	2	2021	"後期"	"[[\"月曜日\",\"４時限\"],[\"月曜日\",\"５時限\"]]"	"７号館１Fシアタールーム／7 building 1F theater room"	"大橋地区"
21704301	"視覚芸術基礎"	"[\"DES-DFT2121W\"]"	"DES"	"DFT"	"2121W"	"[\"池田　美奈子\",\"片山　雅史\"]"	"2021-10-08T06:32:16.117Z"	"コース基礎科目　Course Fundamental Subjects"	"英語及び日本語を併用（E/J）"	"芸術工学部　未来構想デザインコース　Design Futures Course"	"学部2年　Undergraduate second grade"	3	1	2021	"後期集中"	"[[\"その他\",\"その他\"]]"	"未定／TBA"	"大橋地区"
21704408	"視覚心理学"	"[\"DES-MED2421J\"]"	"DES"	"MED"	"2421J"	"[\"伊藤　裕之\"]"	"2021-04-01T12:37:57.761Z"	"コース専門科目　Course Specialized Subjects"	"英語及び日本語を併用（E/J）"	"芸術工学部　画像設計学科　Department of Visual Communication Design/メディアデザインコース　Media Design Course"	"学部3年　Undergraduate third grade / 学部2年　Undergraduate second grade"	1	2	2021	"春学期"	"[[\"金曜日\",\"４時限\"],[\"金曜日\",\"５時限\"]]"	"511"	"大橋地区"
21700307	"視覚心理学演習"	"[\"DES-VCD3112J\"]"	"DES"	"VCD"	"3112J"	"[\"伊藤　裕之\"]"		"専攻教育科目　Specialized Education"	"日本語（J）"	"芸術工学部　画像設計学科　Department of Visual Communication Design"	"学部3年　Undergraduate third grade"	1	2	2021	"夏学期"	"[[\"金曜日\",\"４時限\"],[\"金曜日\",\"５時限\"]]"	"531"	"大橋地区"
21704412	"色彩学"	"[\"DES-MED2422J\"]"	"DES"	"MED"	"2422J"	"[\"須長　正治\"]"	"2021-06-12T09:27:13.632Z"	"コース専門科目　Course Specialized Subjects"	"英語及び日本語を併用（E/J）"	"芸術工学部　メディアデザインコース　Media Design Course"	"学部2年　Undergraduate second grade"	1	2	2021	"夏学期"	"[[\"水曜日\",\"２時限\"],[\"水曜日\",\"３時限\"]]"	"533"	"大橋地区"
21700304	"色彩学演習"	"[\"DES-VCD3142J\"]"	"DES"	"VCD"	"3142J"	"[\"須長　正治\"]"		"専攻教育科目　Specialized Education"	"日本語（J）"	"芸術工学部　画像設計学科　Department of Visual Communication Design"	"学部3年　Undergraduate third grade"	1	2	2021	"夏学期"	"[[\"木曜日\",\"４時限\"],[\"木曜日\",\"５時限\"]]"	"533"	"大橋地区"
21700402	"室内音響学"	"[\"DES-ACD3511J\"]"	"DES"	"ACD"	"3511J"	"[\"尾本　章\"]"		"専攻教育科目　Specialized Education"	"日本語（J）"	"芸術工学部　音響設計学科　Department of Acoustic Design"	"学部3年　Undergraduate third grade"	1	2	2021	"夏学期"	"[[\"月曜日\",\"４時限\"],[\"月曜日\",\"５時限\"]]"	"322"	"大橋地区"
21705302	"社会と多様性"	"[\"DES-DFT1211W\"]"	"DES"	"DFT"	"1211W"	"[\"長津　結一郎\",\"中村　美亜\"]"	"2021-05-26T00:26:37.820Z"	"コース基礎科目　Course Fundamental Subjects"	"日本語（J）"	"芸術工学部　未来構想デザインコース　Design Futures Course"	"学部1年　Undergraduate first grade"	1	1	2021	"冬学期"	"[[\"火曜日\",\"５時限\"]]"	"未定/　TBA"	"伊都地区"
21704005	"社会とデザイン"	"[\"DES-END2032J\",\"DES-IND2032J\",\"DES-DFT2032J\",\"DES-MED2032J\",\"DES-ACD2032J\"]"	"DES"	"END"	"2032J"	"[\"増田　展大\",\"古賀　徹\"]"	"2021-05-28T05:44:26.408Z"	"デザインリテラシー科目　Design Literacy Subjects"	"日本語（J）"	"芸術工学部　共通　Environmental Design Course/Industrial Design Course/Design Futures Course/Media Design Course/Acoustic Design Course"	"学部2年　Undergraduate second grade"	1	1	2021	"夏学期"	"[[\"金曜日\",\"２時限\"]]"	"511"	"大橋地区"
21700003	"主観評価法"	"[\"DES-ACD3011J\"]"	"DES"	"ACD"	"3011J"	"[\"上田　和夫\",\"妹尾　武治\",\"レメイン，Ｇ．Ｂ．\"]"		"専攻教育科目　Specialized Education"	"英語及び日本語を併用（E/J）"	"芸術工学部　共通　Department of Environmental Design/Department of Industrial Design/Department of Visual Communication Design/Department of Acoustic Design/Department of Art and Information Design"	"学部3年　Undergraduate third grade"	1	2	2021	"前期"	"[[\"木曜日\",\"２時限\"]]"	"511"	"大橋地区"
21705404	"情報デザイン"	"[\"DES-MED2222J\"]"	"DES"	"MED"	"2222J"	"[\"藤　紀里子\"]"	"2021-10-01T10:52:04.962Z"	"コース専門科目　Course Specialized Subjects"	"英語及び日本語を併用（E/J）"	"芸術工学部　メディアデザインコース　Media Design Course"	"学部2年　Undergraduate second grade"	1	2	2021	"秋学期"	"[[\"月曜日\",\"２時限\"],[\"月曜日\",\"３時限\"]]"	"531"	"大橋地区"
21700005	"情報理論"	"[\"DES-ACD3131J\"]"	"DES"	"ACD"	"3131J"	"[\"若宮　幸平\"]"		"専攻教育科目　Specialized Education"	"日本語（J）"	"芸術工学部 工業設計学科/音響設計学科　Department of Industrial Design/Department of Acoustic Design"	"学部3年　Undergraduate third grade"	1	2	2021	"前期"	"[[\"水曜日\",\"２時限\"]]"	"512"	"大橋地区"
21700502	"人工生命デザイン"	"[\"DES-AID3531J\"]"	"DES"	"AID"	"3531J"	"[\"伊藤　浩史\"]"		"専攻教育科目　Specialized Education"	"日本語（J）"	"芸術工学部　芸術情報設計学科　Department of Art and Information Design"	"学部3年　Undergraduate third grade"	1	2	2021	"春学期"	"[[\"火曜日\",\"３時限\"],[\"火曜日\",\"４時限\"]]"	"531"	"大橋地区"
21704310	"身体表現演習Ⅰ"	"[\"DES-DFT1121J\"]"	"DES"	"DFT"	"1121J"	"[\"長津　結一郎\"]"	"2021-05-26T00:22:46.942Z"	"コース専門科目　Course Specialized Subjects"	"日本語（J）"	"芸術工学部　未来構想デザインコース　Design Futures Course"	"学部2年　Undergraduate second grade"	1	1	2021	"春学期"	"[[\"水曜日\",\"４時限\"]]"	"７号館１Fシアタールーム／7 building 1F theater room"	"大橋地区"
21702303	"心理学的思考法演習"	"[\"DES-VCD3121J\"]"	"DES"	"VCD"	"3121J"	"[\"妹尾　武治\"]"		"専攻教育科目　Specialized Education"	"日本語（J）"	"芸術工学部　画像設計学科　Department of Visual Communication Design"	"学部3年　Undergraduate third grade"	1	2	2021	"秋学期"	"[[\"木曜日\",\"３時限\"],[\"木曜日\",\"４時限\"]]"	"７号館１Fシアタールーム／7 building 1F theater room"	"大橋地区"
21700203	"生活機器造形論・演習"	"[\"DES-IND3321J\"]"	"DES"	"IND"	"3321J"	"[\"迫坪　知広\",\"杉本　美貴\",\"尾方　義人\"]"		"専攻教育科目　Specialized Education"	"日本語（J）"	"芸術工学部　工業設計学科　Department of Industrial Design"	"学部3年　Undergraduate third grade"	1	3	2021	"前期"	"[[\"火曜日\",\"３時限\"],[\"火曜日\",\"４時限\"]]"	"工作工房1F／Desgin Workshop 1F"	"大橋地区"
21700204	"生活空間造形論・演習"	"[\"DES-IND3331W\"]"	"DES"	"IND"	"3331W"	"[\"平井　康之\",\"曽我部　春香\",\"秋田　直繁\"]"		"専攻教育科目　Specialized Education"	"英語及び日本語を併用（E/J）"	"芸術工学部　工業設計学科　Department of Industrial Design"	"学部3年　Undergraduate third grade"	1	3	2021	"前期"	"[[\"水曜日\",\"３時限\"],[\"水曜日\",\"４時限\"]]"	"共同製図室/ 5building4F drafting room"	"大橋地区"
21700207	"生体情報処理演習"	"[\"DES-IND3141J\"]"	"DES"	"IND"	"3141J"	"[\"西村　貴孝\",\"元村　祐貴\",\"樋口　重和\",\"前田　享史\",\"村木　里志\",\"LOH PING YEAP\"]"		"専攻教育科目　Specialized Education"	"日本語（J）"	"芸術工学部　工業設計学科　Department of Industrial Design"	"学部3年　Undergraduate third grade"	1	2	2021	"前期"	"[[\"木曜日\",\"４時限\"],[\"木曜日\",\"５時限\"]]"	"411，環境適応研究実験施設/411,,Research Center for Human Environmental Adaptation"	"大橋地区"
21705318	"生命科学入門Ⅰ"	"[\"DES-DFT1411J\"]"	"DES"	"DFT"	"1411J"	"[\"平松　千尋\"]"	"2021-10-04T04:19:59.789Z"	"コース基礎科目　Course Fundamental Subjects"	"日本語（J）"	"芸術工学部　未来構想デザインコース　Design Futures Course"	"学部2年　Undergraduate second grade"	3	1	2021	"秋学期"	"[[\"火曜日\",\"２時限\"]]"	"524"	"大橋地区"
21704305	"西洋美術史"	"[\"DES-DFT2141J\"]"	"DES"	"DFT"	"2141J"	"[\"古賀　徹\"]"	"2021-05-20T08:13:10.110Z"	"コース専門科目　Course Specialized Subjects"	"日本語（J）"	"芸術工学部　未来構想デザインコース　Design Futures Course"	"学部2年　Undergraduate second grade"	1	1	2021	"春学期"	"[[\"火曜日\",\"２時限\"]]"	"遠隔授業　/　Online"	"大橋地区"
21702208	"生理人類学"	"[\"DES-IND2122J\"]"	"DES"	"IND"	"2122J"	"[\"西村　貴孝\"]"		"専攻教育科目　Specialized Education"	"日本語（J）"	"芸術工学部　工業設計学科　Department of Industrial Design"	"(2019年度以前入学者対象)　学部2年　Undergraduate second grade"	1	2	2021	"後期集中"	"[[\"その他\",\"その他\"]]"	"未定／TBA"	"大橋地区"
21700010	"設計多変量解析"	"[\"DES-IND2532J\"]"	"DES"	"IND"	"2532J"	"[\"澤井　賢一\"]"		"専攻教育科目　Specialized Education"	"日本語（J）"	"芸術工学部　工業設計学科/画像設計学科/音響設計学科/芸術情報設計学科　Department of Industrial Design/Department of Visual Communication Design/Department of Acoustic Design/Department of Art and Information Design"	"(2019年度以前入学者対象)　学部2年　Undergraduate second grade"	1	2	2021	"前期"	"[[\"月曜日\",\"１時限\"]]"	"遠隔／Online"	"大橋地区"
21702102	"設備計画論"	"[\"DES-END3691J\"]"	"DES"	"END"	"3691J"	"[\"川本　陽一\"]"		"専攻教育科目　Specialized Education"	"日本語（J）"	"芸術工学部　環境設計学科　Department of Environmental Design"	"学部3年　Undergraduate third grade"	1	2	2021	"後期"	"[[\"月曜日\",\"２時限\"]]"	"524"	"大橋地区"
21705307	"先端情報生命科学Ⅰ"	"[\"DES-DFT3361W\"]"	"DES"	"DFT"	"3361W"	"[\"高木　英行\",\"伊藤　浩史\"]"	"2021-09-23T06:14:40.152Z"	"コース専門科目　Course Specialized Subjects"	"英語及び日本語を併用（E/J）"	"芸術工学部　未来構想デザインコース　Design Futures Course"	"学部2年　Undergraduate second grade"	1	1	2021	"秋学期"	"[[\"金曜日\",\"２時限\"]]"	"521"	"大橋地区"
21705315	"先端情報生命科学Ⅱ"	"[\"DES-DFT3362W\"]"	"DES"	"DFT"	"3362W"	"[\"高木　英行\",\"伊藤　浩史\"]"	"2021-09-23T07:40:06.224Z"	"コース専門科目　Course Specialized Subjects"	"英語及び日本語を併用（E/J）"	"芸術工学部　未来構想デザインコース　Design Futures Course"	"学部2年　Undergraduate second grade"	1	1	2021	"冬学期"	"[[\"木曜日\",\"３時限\"]]"	"521"	"大橋地区"
21702401	"騒音環境学"	"[\"DES-ACD3521J\"]"	"DES"	"ACD"	"3521J"	"[\"高田　正幸\",\"村上　泰樹\",\"山内　勝也\"]"		"専攻教育科目　Specialized Education"	"日本語（J）"	"芸術工学部　音響設計学科　Department of Acoustic Design"	"学部3年　Undergraduate third grade"	1	2	2021	"冬学期"	"[[\"月曜日\",\"２時限\"],[\"火曜日\",\"３時限\"],[\"木曜日\",\"３時限\"]]"	"322, 511"	"大橋地区"
21702502	"造形論"	"[\"DES-AID3122J\"]"	"DES"	"AID"	"3122J"	"[\"知足　美加子\"]"		"専攻教育科目　Specialized Education"	"日本語（J）"	"芸術工学部　芸術情報設計学科　Department of Art and Information Design"	"学部3年　Undergraduate third grade"	1	2	2021	"後期"	"[[\"火曜日\",\"２時限\"]]"	"531"	"大橋地区"
21700198	"卒業研究Ⅰ"	"[\"DES-END4911W\"]"	"DES"	"END"	"4911W"	"[\"加藤　悠希\",\"朝廣　和夫\",\"井上　朝雄\",\"岩元　真明\",\"鵜飼　哲矢\",\"大井　尚行\",\"川本　陽一\",\"古賀　徹\",\"近藤　加代子\",\"髙取　千佳\",\"谷　正和\",\"田上　健一\",\"都甲　康至\",\"福島　綾子\",\"ホール，Ｍ．\",\"吉岡　智和\",\"LOH Wei Leong\"]"		"専攻教育科目　Specialized Education"	"日本語（J）"	"芸術工学部　環境設計学科　Department of Environmental Design"	"学部4年　Undergraduate fourth grade"	3	2	2021	"前期集中"	"[[\"その他\",\"その他\"]]"		"大橋地区"
21700298	"卒業研究Ⅰ"	"[\"DES-IND4911J\"]"	"DES"	"IND"	"4911J"	"[\"平井　康之\",\"秋田　直繁\",\"池田　美奈子\",\"尾方　義人\",\"迫坪　知広\",\"杉本　美貴\",\"曽我部　春香\",\"竹之内　和樹\",\"樋口　重和\",\"田村　良一\",\"西村　貴孝\",\"藤　智亮\",\"前田　享史\",\"松前　あかね\",\"村木　里志\",\"元村　祐貴\",\"LOH PING YEAP\"]"		"専攻教育科目　Specialized Education"	"日本語（J）"	"芸術工学部　工業設計学科　Department of Industrial Design"	"学部4年　Undergraduate fourth grade"	3	2	2021	"前期集中"	"[[\"その他\",\"その他\"]]"		"大橋地区"
21700398	"卒業研究Ⅰ"	"[\"DES-VCD4911J\"]"	"DES"	"VCD"	"4911J"	"[\"森本　有紀\",\"石井　達郎\",\"伊藤　裕之\",\"井上　光平\",\"伊原　久裕\",\"清須美　匡洋\",\"須長　正治\",\"妹尾　武治\",\"藤　紀里子\",\"原　健二\",\"松隈　浩之\",\"平松　千尋\",\"小野　直樹\"]"		"専攻教育科目　Specialized Education"	"日本語（J）"	"芸術工学部　画像設計学科　Department of Visual Communication Design"	"学部4年　Undergraduate fourth grade"	3	2	2021	"前期集中"	"[[\"その他\",\"その他\"]]"		"大橋地区"
21700498	"卒業研究Ⅰ"	"[\"DES-ACD4911J\"]"	"DES"	"ACD"	"4911J"	"[\"矢向　正人\",\"上田　和夫\",\"尾本　章\",\"鏑木　時彦\",\"河原　一彦\",\"鮫島　俊哉\",\"城　一裕\",\"高田　正幸\",\"中村　美亜\",\"長津　結一郎\",\"西田　紘子\",\"山内　勝也\",\"レメイン，Ｇ．Ｂ．\",\"若宮　幸平\"]"		"専攻教育科目　Specialized Education"	"日本語（J）"	"芸術工学部　音響設計学科　Department of Acoustic Design"	"学部4年　Undergraduate fourth grade"	3	2	2021	"前期集中"	"[[\"その他\",\"その他\"]]"		"大橋地区"
21700598	"卒業研究Ⅰ"	"[\"DES-AID4911W\"]"	"DES"	"AID"	"4911W"	"[\"大島　久雄\",\"稲村　徳州\",\"麻生　典\",\"伊藤　浩史\",\"牛尼　剛聡\",\"金　大雄\",\"高木　英行\",\"鶴野　玲治\",\"知足　美加子\",\"冬野　美晴\",\"丸山　修\",\"吉村　理一\"]"		"専攻教育科目　Specialized Education"	"日本語（J）"	"芸術工学部　芸術情報設計学科　Department of Art and Information Design"	"学部4年　Undergraduate fourth grade"	3	2	2021	"前期集中"	"[[\"その他\",\"その他\"]]"		"大橋地区"
21702198	"卒業研究Ⅰ"	"[\"DES-END4911W\"]"	"DES"	"END"	"4911W"	"[\"加藤　悠希\",\"朝廣　和夫\",\"井上　朝雄\",\"岩元　真明\",\"鵜飼　哲矢\",\"大井　尚行\",\"川本　陽一\",\"古賀　徹\",\"近藤　加代子\",\"髙取　千佳\",\"谷　正和\",\"田上　健一\",\"都甲　康至\",\"福島　綾子\",\"ホール，Ｍ．\",\"吉岡　智和\",\"LOH Wei Leong\"]"		"専攻教育科目　Specialized Education"	"日本語（J）"	"芸術工学部　環境設計学科　Department of Environmental Design"	"学部4年　Undergraduate fourth grade"	3	2	2021	"後期集中"	"[[\"その他\",\"その他\"]]"		"大橋地区"
21702298	"卒業研究Ⅰ"	"[\"DES-IND4911J\"]"	"DES"	"IND"	"4911J"	"[\"西村　貴孝\",\"平井　康之\",\"秋田　直繁\",\"池田　美奈子\",\"尾方　義人\",\"迫坪　知広\",\"杉本　美貴\",\"曽我部　春香\",\"竹之内　和樹\",\"田村　良一\",\"樋口　重和\",\"藤　智亮\",\"前田　享史\",\"松前　あかね\",\"村木　里志\",\"元村　祐貴\",\"LOH PING YEAP\"]"		"専攻教育科目　Specialized Education"	"日本語（J）"	"芸術工学部　工業設計学科　Department of Industrial Design"	"学部4年　Undergraduate fourth grade"	3	2	2021	"後期集中"	"[[\"その他\",\"その他\"]]"		"大橋地区"
21702398	"卒業研究Ⅰ"	"[\"DES-VCD4911J\"]"	"DES"	"VCD"	"4911J"	"[\"森本　有紀\",\"石井　達郎\",\"伊藤　裕之\",\"井上　光平\",\"伊原　久裕\",\"小野　直樹\",\"清須美　匡洋\",\"須長　正治\",\"妹尾　武治\",\"藤　紀里子\",\"原　健二\",\"平松　千尋\",\"松隈　浩之\"]"		"専攻教育科目　Specialized Education"	"日本語（J）"	"芸術工学部　画像設計学科　Department of Visual Communication Design"	"学部4年　Undergraduate fourth grade"	3	2	2021	"後期集中"	"[[\"その他\",\"その他\"]]"		"大橋地区"
21702498	"卒業研究Ⅰ"	"[\"DES-ACD4911J\"]"	"DES"	"ACD"	"4911J"	"[\"矢向　正人\",\"上田　和夫\",\"尾本　章\",\"鏑木　時彦\",\"河原　一彦\",\"鮫島　俊哉\",\"城　一裕\",\"高田　正幸\",\"中村　美亜\",\"長津　結一郎\",\"西田　紘子\",\"山内　勝也\",\"レメイン，Ｇ．Ｂ．\",\"若宮　幸平\"]"		"専攻教育科目　Specialized Education"	"日本語（J）"	"芸術工学部　音響設計学科　Department of Acoustic Design"	"学部4年　Undergraduate fourth grade"	3	2	2021	"後期集中"	"[[\"その他\",\"その他\"]]"		"大橋地区"
21702598	"卒業研究Ⅰ"	"[\"DES-AID4911W\"]"	"DES"	"AID"	"4911W"	"[\"稲村　徳州\",\"麻生　典\",\"伊藤　浩史\",\"牛尼　剛聡\",\"大島　久雄\",\"金　大雄\",\"高木　英行\",\"鶴野　玲治\",\"知足　美加子\",\"冬野　美晴\",\"丸山　修\",\"吉村　理一\"]"		"専攻教育科目　Specialized Education"	"日本語（J）"	"芸術工学部　芸術情報設計学科　Department of Art and Information Design"	"学部4年　Undergraduate fourth grade"	3	2	2021	"後期集中"	"[[\"その他\",\"その他\"]]"		"大橋地区"
21700199	"卒業研究Ⅱ"	"[\"DES-END4912W\"]"	"DES"	"END"	"4912W"	"[\"加藤　悠希\",\"朝廣　和夫\",\"井上　朝雄\",\"岩元　真明\",\"鵜飼　哲矢\",\"大井　尚行\",\"川本　陽一\",\"古賀　徹\",\"近藤　加代子\",\"髙取　千佳\",\"谷　正和\",\"田上　健一\",\"都甲　康至\",\"福島　綾子\",\"ホール，Ｍ．\",\"吉岡　智和\",\"LOH Wei Leong\"]"		"専攻教育科目　Specialized Education"	"日本語（J）"	"芸術工学部　環境設計学科　Department of Environmental Design"	"学部4年　Undergraduate fourth grade"	3	4	2021	"前期集中"	"[[\"その他\",\"その他\"]]"		"大橋地区"
21700299	"卒業研究Ⅱ"	"[\"DES-IND4912J\"]"	"DES"	"IND"	"4912J"	"[\"平井　康之\",\"池田　美奈子\",\"西村　貴孝\",\"秋田　直繁\",\"尾方　義人\",\"迫坪　知広\",\"杉本　美貴\",\"曽我部　春香\",\"竹之内　和樹\",\"田村　良一\",\"樋口　重和\",\"藤　智亮\",\"前田　享史\",\"松前　あかね\",\"村木　里志\",\"元村　祐貴\",\"LOH PING YEAP\"]"		"専攻教育科目　Specialized Education"	"日本語（J）"	"芸術工学部　工業設計学科　Department of Industrial Design"	"学部4年　Undergraduate fourth grade"	3	4	2021	"前期集中"	"[[\"その他\",\"その他\"]]"		"大橋地区"
21700399	"卒業研究Ⅱ"	"[\"DES-VCD4912J\"]"	"DES"	"VCD"	"4912J"	"[\"森本　有紀\",\"石井　達郎\",\"伊藤　裕之\",\"井上　光平\",\"伊原　久裕\",\"小野　直樹\",\"清須美　匡洋\",\"須長　正治\",\"妹尾　武治\",\"藤　紀里子\",\"原　健二\",\"平松　千尋\",\"松隈　浩之\"]"		"専攻教育科目　Specialized Education"	"日本語（J）"	"芸術工学部　画像設計学科　Department of Visual Communication Design"	"学部4年　Undergraduate fourth grade"	3	4	2021	"前期集中"	"[[\"その他\",\"その他\"]]"		"大橋地区"
21700499	"卒業研究Ⅱ"	"[\"DES-ACD4912J\"]"	"DES"	"ACD"	"4912J"	"[\"矢向　正人\",\"上田　和夫\",\"尾本　章\",\"鏑木　時彦\",\"河原　一彦\",\"鮫島　俊哉\",\"城　一裕\",\"高田　正幸\",\"中村　美亜\",\"長津　結一郎\",\"西田　紘子\",\"山内　勝也\",\"レメイン，Ｇ．Ｂ．\",\"若宮　幸平\"]"		"専攻教育科目　Specialized Education"	"日本語（J）"	"芸術工学部　音響設計学科　Department of Acoustic Design"	"学部4年　Undergraduate fourth grade"	3	4	2021	"前期集中"	"[[\"その他\",\"その他\"]]"		"大橋地区"
21700599	"卒業研究Ⅱ"	"[\"DES-AID4912W\"]"	"DES"	"AID"	"4912W"	"[\"稲村　徳州\",\"麻生　典\",\"伊藤　浩史\",\"牛尼　剛聡\",\"大島　久雄\",\"金　大雄\",\"高木　英行\",\"鶴野　玲治\",\"知足　美加子\",\"冬野　美晴\",\"丸山　修\",\"吉村　理一\"]"		"専攻教育科目　Specialized Education"	"日本語（J）"	"芸術工学部　芸術情報設計学科　Department of Art and Information Design"	"学部4年　Undergraduate fourth grade"	3	4	2021	"前期集中"	"[[\"その他\",\"その他\"]]"		"大橋地区"
21702199	"卒業研究Ⅱ"	"[\"DES-END4912W\"]"	"DES"	"END"	"4912W"	"[\"加藤　悠希\",\"朝廣　和夫\",\"井上　朝雄\",\"岩元　真明\",\"鵜飼　哲矢\",\"大井　尚行\",\"川本　陽一\",\"古賀　徹\",\"近藤　加代子\",\"髙取　千佳\",\"谷　正和\",\"田上　健一\",\"都甲　康至\",\"福島　綾子\",\"ホール，Ｍ．\",\"吉岡　智和\",\"LOH Wei Leong\"]"		"専攻教育科目　Specialized Education"	"日本語（J）"	"芸術工学部　環境設計学科　Department of Environmental Design"	"学部4年　Undergraduate fourth grade"	3	4	2021	"後期集中"	"[[\"その他\",\"その他\"]]"		"大橋地区"
21702299	"卒業研究Ⅱ"	"[\"DES-IND4912J\"]"	"DES"	"IND"	"4912J"	"[\"平井　康之\",\"西村　貴孝\",\"秋田　直繁\",\"池田　美奈子\",\"尾方　義人\",\"迫坪　知広\",\"杉本　美貴\",\"曽我部　春香\",\"竹之内　和樹\",\"田村　良一\",\"樋口　重和\",\"藤　智亮\",\"前田　享史\",\"松前　あかね\",\"村木　里志\",\"元村　祐貴\",\"LOH PING YEAP\"]"		"専攻教育科目　Specialized Education"	"日本語（J）"	"芸術工学部　工業設計学科　Department of Industrial Design"	"学部4年　Undergraduate fourth grade"	3	4	2021	"後期集中"	"[[\"その他\",\"その他\"]]"		"大橋地区"
21702399	"卒業研究Ⅱ"	"[\"DES-VCD4912J\"]"	"DES"	"VCD"	"4912J"	"[\"森本　有紀\",\"石井　達郎\",\"伊藤　裕之\",\"井上　光平\",\"伊原　久裕\",\"小野　直樹\",\"清須美　匡洋\",\"須長　正治\",\"妹尾　武治\",\"藤　紀里子\",\"原　健二\",\"平松　千尋\",\"松隈　浩之\"]"		"専攻教育科目　Specialized Education"	"日本語（J）"	"芸術工学部　画像設計学科　Department of Visual Communication Design"	"学部4年　Undergraduate fourth grade"	3	4	2021	"後期集中"	"[[\"その他\",\"その他\"]]"		"大橋地区"
21702499	"卒業研究Ⅱ"	"[\"DES-ACD4912J\"]"	"DES"	"ACD"	"4912J"	"[\"中村　美亜\",\"矢向　正人\",\"上田　和夫\",\"尾本　章\",\"鏑木　時彦\",\"河原　一彦\",\"鮫島　俊哉\",\"城　一裕\",\"高田　正幸\",\"長津　結一郎\",\"西田　紘子\",\"山内　勝也\",\"レメイン，Ｇ．Ｂ．\",\"若宮　幸平\"]"		"専攻教育科目　Specialized Education"	"日本語（J）"	"芸術工学部　音響設計学科　Department of Acoustic Design"	"学部4年　Undergraduate fourth grade"	3	4	2021	"後期集中"	"[[\"その他\",\"その他\"]]"		"大橋地区"
21702599	"卒業研究Ⅱ"	"[\"DES-AID4912W\"]"	"DES"	"AID"	"4912W"	"[\"稲村　徳州\",\"麻生　典\",\"伊藤　浩史\",\"牛尼　剛聡\",\"大島　久雄\",\"金　大雄\",\"高木　英行\",\"鶴野　玲治\",\"知足　美加子\",\"冬野　美晴\",\"丸山　修\",\"吉村　理一\"]"		"専攻教育科目　Specialized Education"	"日本語（J）"	"芸術工学部　芸術情報設計学科　Department of Art and Information Design"	"学部4年　Undergraduate fourth grade"	3	4	2021	"後期集中"	"[[\"その他\",\"その他\"]]"		"大橋地区"
21704410	"タイポグラフィックデザイン"	"[\"DES-MED2221J\"]"	"DES"	"MED"	"2221J"	"[\"伊原　久裕\"]"	"2021-04-05T01:53:43.773Z"	"コース専門科目　Course Specialized Subjects"	"英語及び日本語を併用（E/J）"	"芸術工学部　メディアデザインコース　Media Design Course"	"学部2年　Undergraduate second grade"	1	1	2021	"夏学期"	"[[\"火曜日\",\"５時限\"]]"	"521"	"大橋地区"
21702504	"知覚情報処理工学"	"[\"DES-AID3522J\"]"	"DES"	"AID"	"3522J"	"[\"吉永　幸靖\"]"		"専攻教育科目　Specialized Education"	"日本語（J）"	"芸術工学部　芸術情報設計学科　Department of Art and Information Design"	"学部3年　Undergraduate third grade"	1	2	2021	"後期"	"[[\"木曜日\",\"４時限\"]]"	"524"	"大橋地区"
21704061	"知覚心理学"	"[\"DES-DFT2421W\",\"DES-MED2431J\",\"DES-ACD2311J\"]"	"DES"	"DFT"	"2421W"	"[\"平松　千尋\",\"上田　和夫\",\"須長　正治\",\"レメイン，Ｇ．Ｂ．\"]"	"2021-06-10T10:44:59.606Z"	"コース専門科目　Course Specialized Subjects"	"日本語（J）"	"芸術工学部　未来構想デザインコース/メディアデザインコース/音響設計コース　Design Futures Course/Media Design Course/Acoustic Design Course"	"学部2年　Undergraduate second grade"	1	2	2021	"夏学期"	"[[\"金曜日\",\"１時限\"],[\"金曜日\",\"２時限\"]]"	"525"	"大橋地区"
21700001	"知的財産論"	"[\"DES-AID3231J\"]"	"DES"	"AID"	"3231J"	"[\"麻生　典\"]"		"専攻教育科目　Specialized Education"	"日本語（J）"	"芸術工学部　工業設計学科/画像設計学科/芸術情報設計学科　Department of Industrial Design/Department of Visual Communication Design/Department of Art and Information Design"	"学部3年　Undergraduate third grade"	1	2	2021	"前期"	"[[\"金曜日\",\"１時限\"]]"	"511"	"大橋地区"
21705503	"聴覚心理学"	"[\"DES-ACD2112W\"]"	"DES"	"ACD"	"2112W"	"[\"レメイン，Ｇ．Ｂ．\",\"上田　和夫\"]"	"2021-10-01T11:54:49.261Z"	"コース基礎科目　Course Fundamental Subjects"	"英語及び日本語を併用（E/J）"	"芸術工学部　音響設計コース　Acoustic Design Course"	"学部2年　Undergraduate second grade"	3	2	2021	"秋学期"	"[[\"月曜日\",\"２時限\"],[\"木曜日\",\"５時限\"]]"	"322"	"大橋地区"
21704504	"聴覚生理学"	"[\"DES-ACD2111W\"]"	"DES"	"ACD"	"2111W"	"[\"上田　和夫\"]"	"2021-05-19T09:10:12.246Z"	"コース基礎科目　Course Fundamental Subjects"	"英語及び日本語を併用（E/J）"	"芸術工学部 音響設計コース　Acoustic Design Course"	"学部2年　Undergraduate second grade"	3	2	2021	"前期集中"	"[[\"その他\",\"その他\"]]"	"未定／TBA"	"大橋地区"
21700409	"聴覚認知論"	"[\"DES-ACD3231J\"]"	"DES"	"ACD"	"3231J"	"[\"上田　和夫\"]"		"専攻教育科目　Specialized Education"	"日本語（J）"	"芸術工学部　音響設計学科　Department of Acoustic Design"	"学部3年　Undergraduate third grade"	1	2	2021	"前期集中"	"[[\"その他\",\"その他\"]]"	"未定／TBA"	"大橋地区"
21705501	"聴能形成Ⅰ"	"[\"DES-ACD1211J\"]"	"DES"	"ACD"	"1211J"	"[\"高田　正幸\",\"河原　一彦\"]"	"2021-09-27T05:03:20.917Z"	"コース演習科目 (PBL)　Course Seminar Subjects"	"日本語（J）"	"芸術工学部　音響設計コース　Acoustic Design Course"	"学部1年　Undergraduate first grade"	1	1	2021	"後期"	"[[\"木曜日\",\"５時限\"]]"	"未定/　TBA"	"伊都地区"
21704502	"聴能形成Ⅱ"	"[\"DES-ACD2211J\"]"	"DES"	"ACD"	"2211J"	"[\"高田　正幸\",\"山内　勝也\"]"	"2021-05-13T12:40:11.746Z"	"コース演習科目 (PBL)　Course Seminar Subjects"	"日本語（J）"	"芸術工学部　音響設計コース　Acoustic Design Course"	"学部2年　Undergraduate second grade"	1	1	2021	"前期"	"[[\"木曜日\",\"４時限\"]]"	"322,1号館1F101／322, 1 building 1F　101"	"大橋地区"
21700410	"ディジタル信号処理演習（2019年度以前入学者対象）"	"[\"DES-ACD3831J\"]"	"DES"	"ACD"	"3831J"	"[\"吉永　幸靖\"]"		"専攻教育科目　Specialized Education"	"日本語（J）"	"芸術工学部　音響設計学科　Department of Acoustic Design"	"学部3年　Undergraduate third grade"	1	2	2021	"前期"	"[[\"木曜日\",\"４時限\"]]"	"525, 情報基盤室第1実習室／525，Computing and communications center Branch in the ohashiarea training room"	"大橋地区"
21705509	"ディジタル信号処理演習（2020年度入学者対象）"	"[\"DES-ACD2342J\"]"	"DES"	"ACD"	"2342J"	"[\"吉永　幸靖\"]"	"2021-12-03T11:42:34.386Z"	"コース専門科目　Course Specialized Subjects"	"日本語（J）"	"芸術工学部　音響設計コース　Acoustic Design Course"	"学部2年　Undergraduate second grade"	1	2	2021	"冬学期"	"[[\"月曜日\",\"１時限\"],[\"木曜日\",\"５時限\"]]"	"322, 情報基盤室第1実習室／322，Computing and communications center Branch in the ohashiarea training room1"	"大橋地区"
21704002	"デザイン・ケーススタディⅠ"	"[\"DES-END1041J\",\"DES-IND1041J\",\"DES-DFT1041J\",\"DES-MED1041J\",\"DES-ACD1041J\"]"	"DES"	"END"	"1041J"	"[\"池田　美奈子\",\"高田　正幸\",\"杉本　美貴\",\"稲村　徳州\",\"田上　健一\",\"西村　貴孝\",\"ホール，Ｍ．\",\"松隈　浩之\",\"LOH Wei Leong\",\"若宮　幸平\"]"	"2021-03-24T04:30:36.567Z"	"デザインリテラシー科目　Design Literacy Subjects"	"日本語（J）"	"芸術工学部　共通　Environmental Design Course/Industrial Design Course/Design Futures Course/Media Design Course/Acoustic Design Course"	"学部1年　Undergraduate first grade"	1	1	2021	"夏学期"	"[[\"金曜日\",\"４時限\"]]"	"伊都センター 2号館2407ほか6教室(2301,2302,2401,2402,2408,2409)/Ito campus Center Zone2 2407,2301,2302,2401,2402,2408,2409,"	"伊都地区"
21705311	"デザイン材料論・演習"	"[\"DES-DFT2111J\"]"	"DES"	"DFT"	"2111J"	"[\"稲村　徳州\"]"	"2021-04-05T13:22:37.768Z"	"コース専門科目　Course Specialized Subjects"	"英語及び日本語を併用（E/J）"	"芸術工学部　未来構想デザインコース　Design Futures Course"	"学部2年　Undergraduate second grade"	1	1	2021	"冬学期"	"[[\"木曜日\",\"４時限\"]]"	"511"	"大橋地区"
21702207	"デザイン思考法（2019年度以前入学者対象）"	"[\"DES-IND2351J\"]"	"DES"	"IND"	"2351J"	"[\"平井　康之\"]"		"専攻教育科目　Specialized Education"	"日本語（J）"	"芸術工学部　工業設計学科　Department of Industrial Design"	"学部3年/学部4年 Undergraduate third grade/fourth grade"	1	2	2021	"通年集中"	"[[\"その他\",\"その他\"]]"	"未定／TBA"	"大橋地区"
21702206	"デザインシステム論・演習"	"[\"DES-IND3313J\"]"	"DES"	"IND"	"3313J"	"[\"松前　あかね\",\"田村　良一\"]"		"専攻教育科目　Specialized Education"	"英語及び日本語を併用（E/J）"	"芸術工学部　工業設計学科　Department of Industrial Design"	"学部3年　Undergraduate third grade"	1	3	2021	"後期"	"[[\"金曜日\",\"３時限\"],[\"金曜日\",\"４時限\"]]"	"533"	"大橋地区"
21700004	"デザインストラテジー基礎（学部4年生対象）"	"[\"DES-END4091J\",\"DES-IND4031J\",\"DES-VCD4081J\",\"DES-ACD4021J\",\"DES-AID4041J\"]"	"DES"	"END"	"4091J"	"[\"齋藤　俊文\",\"田村　良一\",\"都甲　康至\",\"清須美　匡洋\"]"		"専攻教育科目　Specialized Education"	"日本語（J）"	"芸術工学部　共通　Department of Environmental Design/Department of Industrial Design/Department of Visual Communication Design/Department of Acoustic Design/Department of Art and Information Design"	"学部4年　Undergraduate fourth grade"	1	2	2021	"前期"	"[[\"月曜日\",\"２時限\"]]"	"511"	"大橋地区"
21702004	"デザインストラテジー基礎（学部3年生対象）"	"[\"DES-END4091J\",\"DES-IND4031J\",\"DES-VCD4081J\",\"DES-ACD4021J\",\"DES-AID4041J\"]"	"DES"	"END"	"4091J"	"[\"清須美　匡洋\",\"齋藤　俊文\",\"田村　良一\",\"都甲　康至\"]"		"専攻教育科目　Specialized Education"	"日本語（J）"	"芸術工学部　共通　Department of Environmental Design/Department of Industrial Design/Department of Visual Communication Design/Department of Acoustic Design/Department of Art and Information Design"	"学部3年　Undergraduate third grade"	1	2	2021	"後期"	"[[\"木曜日\",\"１時限\"]]"	"511"	"大橋地区"
21705310	"デザイン美学"	"[\"DES-DFT2131J\"]"	"DES"	"DFT"	"2131J"	"[\"増田　展大\",\"古賀　徹\"]"	"2021-05-25T05:08:47.420Z"	"コース専門科目　Course Specialized Subjects"	"日本語（J）"	"芸術工学部　未来構想デザインコース　Design Futures Course"	"学部2年　Undergraduate second grade"	1	1	2021	"冬学期"	"[[\"月曜日\",\"５時限\"]]"	"525"	"大橋地区"
21705305	"デザイン編集論・演習"	"[\"DES-DFT2111W\"]"	"DES"	"DFT"	"2111W"	"[\"池田　美奈子\"]"	"2021-05-27T13:18:54.020Z"	"コース専門科目　Course Specialized Subjects"	"英語及び日本語を併用（E/J）"	"芸術工学部　未来構想デザインコース　Design Futures Course"	"学部2年　Undergraduate second grade"	1	1	2021	"秋学期"	"[[\"火曜日\",\"５時限\"]]"	"531"	"大橋地区"
21705306	"デザイン要素論・演習"	"[\"DES-DFT2111J\"]"	"DES"	"DFT"	"2111J"	"[\"尾方　義人\"]"	"2021-10-08T00:42:28.823Z"	"コース専門科目　Course Specialized Subjects"	"日本語（J）"	"芸術工学部　未来構想デザインコース　Design Futures Course"	"学部2年　Undergraduate second grade"	1	1	2021	"秋学期"	"[[\"月曜日\",\"５時限\"]]"	"7号館1F　ワークショップ室"	"大橋地区"
21704001	"デザインリテラシー基礎"	"[\"DES-END1011J\",\"DES-IND1011J\",\"DES-DFT1011J\",\"DES-MED1011J\",\"DES-ACD1011J\"]"	"DES"	"END"	"1011J"	"[\"松隈　浩之\",\"今坂　智子\",\"上田　和夫\",\"鵜飼　哲矢\",\"牛尼　剛聡\",\"尾方　義人\",\"鏑木　時彦\",\"工藤　真生\",\"栗山　斉\",\"古賀　徹\",\"迫坪　知広\",\"須長　正治\",\"谷　正和\",\"西村　貴孝\",\"福島　綾子\",\"前田　享史\",\"元村　祐貴\",\"レメイン，Ｇ．Ｂ．\"]"	"2021-04-08T09:52:09.915Z"	"デザインリテラシー科目　Design Literacy Subjects"	"日本語（J）"	"芸術工学部　共通　Environmental Design Course/Industrial Design Course/Design Futures Course/Media Design Course/Acoustic Design Course"	"学部1年　Undergraduate first grade"	3	1	2021	"春学期"	"[[\"金曜日\",\"４時限\"]]"	"伊都センター 2号館2407ほか6教室(2301,2302,2401,2402,2408,2409)/Ito campus Center Zone2 2407,2301,2302,2401,2402,2408,2409,"	"伊都地区"
21702201	"デジタルモデリング演習"	"[\"DES-IND3523J\"]"	"DES"	"IND"	"3523J"	"[\"澤井　賢一\",\"竹之内　和樹\"]"		"専攻教育科目　Specialized Education"	"日本語（J）"	"芸術工学部　工業設計学科　Department of Industrial Design"	"学部3年　Undergraduate third grade"	1	2	2021	"後期"	"[[\"金曜日\",\"１時限\"],[\"金曜日\",\"２時限\"]]"	"遠隔・他／Online etc."	"大橋地区"
21700403	"電気実験"	"[\"DES-ACD3611J\"]"	"DES"	"ACD"	"3611J"	"[\"吉永　幸靖\",\"若宮　幸平\"]"		"専攻教育科目　Specialized Education"	"日本語（J）"	"芸術工学部　音響設計学科　Department of Acoustic Design"	"学部3年　Undergraduate third grade"	3	1	2021	"前期"	"[[\"火曜日\",\"４時限\"],[\"火曜日\",\"５時限\"]]"	"多次元デザイン実験棟２F電気実験室/ Multi-purpose Building 2F"	"大橋地区"
21700002	"統計・データ科学"	"[\"DES-END3022J DES-IND3021J DES-VCD3031J DES-ACD3021J DES-AID3031J\"]"	"DES"	"END"	"3022J"	"[\"丸山　修\"]"		"専攻教育科目　Specialized Education"	"日本語（J）"	"芸術工学部　共通　Department of Environmental Design/Department of Industrial Design/Department of Visual Communication Design/Department of Acoustic Design/Department of Art and Information Design"	"学部3年　Undergraduate third grade"	1	2	2021	"前期集中"	"[[\"その他\",\"その他\"]]"	"511"	"大橋地区"
21702107	"都市プロジェクト"	"[\"DES-END3492W\"]"	"DES"	"END"	"3492W"	"[\"田上　健一\",\"鵜飼　哲矢\"]"		"専攻教育科目　Specialized Education"	"英語及び日本語を併用（E/J）"	"芸術工学部　環境設計学科　Department of Environmental Design"	"学部3年　Undergraduate third grade"	3	4	2021	"後期"	"[[\"金曜日\",\"２時限\"],[\"金曜日\",\"３時限\"],[\"金曜日\",\"４時限\"]]"	"2号館2Ｆ製図室 /　2building 2F drafting room"	"大橋地区"
21704004	"人間科学とデザイン"	"[\"DES-END2033J\",\"DES-IND2033J\",\"DES-DFT2033J\",\"DES-MED2033J\",\"DES-ACD2033J\"]"	"DES"	"END"	"2033J"	"[\"樋口　重和\",\"伊藤　裕之\",\"上田　和夫\",\"大井　尚行\",\"丸山　修\",\"村木　里志\"]"	"2021-05-29T04:11:10.036Z"	"デザインリテラシー科目　Design Literacy Subjects"	"日本語（J）"	"芸術工学部　共通　Environmental Design Course/Industrial Design Course/Design Futures Course/Media Design Course/Acoustic Design Course"	"学部2年　Undergraduate second grade"	1	1	2021	"春学期"	"[[\"月曜日\",\"２時限\"]]"	"525"	"大橋地区"
21704201	"人間工学演習Ⅰ"	"[\"DES-IND2121J\"]"	"DES"	"IND"	"2121J"	"[\"LOH PING YEAP\",\"澤井　賢一\",\"西村　貴孝\",\"樋口　重和\",\"前田　享史\",\"村木　里志\",\"元村　祐貴\"]"	"2021-05-26T07:29:13.564Z"	"コース演習科目 (PBL)　Course Seminar Subjects"	"日本語（J）"	"芸術工学部　インダストリアルデザインコース　Industrial Design Course"	"学部2年　Undergraduate second grade"	1	4	2021	"前期"	"[[\"金曜日\",\"３時限\"],[\"金曜日\",\"４時限\"]]"	"525，環境適応研究実験施設/525,Research Center for Human Environmental Adaptation"	"大橋地区"
21704203	"人間工学概論"	"[\"DES-IND2111J\"]"	"DES"	"IND"	"2111J"	"[\"前田　享史\",\"澤井　賢一\",\"西村　貴孝\",\"樋口　重和\",\"村木　里志\",\"元村　祐貴\",\"LOH PING YEAP\"]"	"2021-05-25T04:25:39.548Z"	"コース基礎科目　Course Fundamental Subjects"	"日本語（J）"	"芸術工学部　インダストリアルデザインコース　Industrial Design Course"	"学部2年　Undergraduate second grade"	3	2	2021	"春学期"	"[[\"月曜日\",\"５時限\"],[\"木曜日\",\"３時限\"]]"	"511"	"大橋地区"
21702204	"人間工学研究法"	"[\"DES-IND3132J\"]"	"DES"	"IND"	"3132J"	"[\"村木　里志\",\"西村　貴孝\",\"樋口　重和\",\"前田　享史\",\"元村　祐貴\",\"LOH PING YEAP\"]"		"専攻教育科目　Specialized Education"	"日本語（J）"	"芸術工学部　工業設計学科　Department of Industrial Design"	"学部3年　Undergraduate third grade"	1	2	2021	"後期"	"[[\"火曜日\",\"５時限\"]]"	"512"	"大橋地区"
21702205	"人間工学設計演習"	"[\"DES-IND3151J\"]"	"DES"	"IND"	"3151J"	"[\"元村　祐貴\",\"樋口　重和\",\"前田　享史\",\"村木　里志\",\"LOH PING YEAP\",\"西村　貴孝\"]"		"専攻教育科目　Specialized Education"	"日本語（J）"	"芸術工学部　工業設計学科　Department of Industrial Design"	"学部3年　Undergraduate third grade"	1	2	2021	"後期"	"[[\"木曜日\",\"３時限\"],[\"木曜日\",\"４時限\"]]"	"525，環境適応研究実験施設／525，Research Center for human environmental adaptation"	"大橋地区"
21700205	"人間工学設計法"	"[\"DES-IND3131J\"]"	"DES"	"IND"	"3131J"	"[\"西村　貴孝\",\"樋口　重和\",\"前田　享史\",\"村木　里志\",\"元村　祐貴\",\"LOH PING YEAP\"]"		"専攻教育科目　Specialized Education"	"日本語（J）"	"芸術工学部　工業設計学科　Department of Industrial Design"	"学部3年　Undergraduate third grade"	3	2	2021	"前期"	"[[\"木曜日\",\"１時限\"]]"	"511"	"大橋地区"
21702508	"バーチャルリアリティ"	"[\"DES-AID3422J\"]"	"DES"	"AID"	"3422J"	"[\"何　昕霓\"]"		"専攻教育科目　Specialized Education"	"英語及び日本語を併用（E/J）"	"芸術工学部　芸術情報設計学科　Department of Art and Information Design"	"学部3年　Undergraduate third grade"	1	2	2021	"後期"	"[[\"木曜日\",\"３時限\"]]"	"512"	"大橋地区"
21700504	"比較映画・演劇文化演習"	"[\"DES-AID3213W\"]"	"DES"	"AID"	"3213W"	"[\"吉村　理一\",\"冬野　美晴\",\"大島　久雄\"]"		"専攻教育科目　Specialized Education"	"英語及び日本語を併用（E/J）"	"芸術工学部　芸術情報設計学科　Department of Art and Information Design"	"学部3年　Undergraduate third grade"	1	2	2021	"前期"	"[[\"木曜日\",\"４時限\"],[\"木曜日\",\"５時限\"]]"	"511"	"大橋地区"
21704508	"比較音楽理論"	"[\"DES-ACD2321J\"]"	"DES"	"ACD"	"2321J"	"[\"矢向　正人\",\"西田　紘子\"]"	"2021-04-06T03:08:49.196Z"	"コース専門科目　Course Specialized Subjects"	"日本語（J）"	"芸術工学部　音響設計コース　Acoustic Design Course"	"学部2年　Undergraduate second grade"	1	2	2021	"夏学期"	"[[\"金曜日\",\"３時限\"],[\"金曜日\",\"４時限\"]]"	"321"	"大橋地区"
21704211	"ビジネスデザイン論・演習Ⅰ"	"[\"DES-IND2221J\"]"	"DES"	"IND"	"2221J"	"[\"松前　あかね\",\"田村　良一\",\"平井　康之\",\"都甲　康至\"]"	"2021-05-25T04:03:54.333Z"	"コース専門科目　Course Specialized Subjects"	"英語及び日本語を併用（E/J）"	"芸術工学部　インダストリアルデザインコース　Industrial Design Course"	"学部2年　Undergraduate second grade"	1	2	2021	"夏学期"	"[[\"金曜日\",\"１時限\"],[\"金曜日\",\"２時限\"]]"	"512"	"大橋地区"
21705207	"ビジネスデザイン論・演習Ⅱ"	"[\"DES-IND2222J\"]"	"DES"	"IND"	"2222J"	"[\"田村　良一\",\"松前　あかね\",\"都甲　康至\",\"迫坪　知広\"]"	"2021-05-25T05:43:31.172Z"	"コース演習科目 (PBL)　Course Seminar Subjects"	"日本語（J）"	"芸術工学部　インダストリアルデザインコース　Industrial Design Course"	"学部2年　Undergraduate second grade"	1	2	2021	"秋学期"	"[[\"金曜日\",\"１時限\"],[\"金曜日\",\"２時限\"]]"	"5号館4階共同製図室"	"大橋地区"
21702403	"非線形振動論"	"[\"DES-ACD3221J\"]"	"DES"	"ACD"	"3221J"	"[\"尾本　章\",\"鮫島　俊哉\",\"伊藤　浩史\"]"		"専攻教育科目　Specialized Education"	"日本語（J）"	"芸術工学部　音響設計学科　Department of Acoustic Design"	"学部3年　Undergraduate third grade"	1	2	2021	"後期"	"[[\"火曜日\",\"５時限\"]]"	"524"	"大橋地区"
21705203	"フィールド調査論・演習"	"[\"DES-IND2311J\"]"	"DES"	"IND"	"2311J"	"[\"田村　良一\",\"LOH PING YEAP\",\"西村　貴孝\",\"藤　智亮\",\"村木　里志\"]"	"2021-06-18T06:46:03.351Z"	"コース演習科目 (PBL)　Course Seminar Subjects"	"日本語（J）"	"芸術工学部　インダストリアルデザインコース　Industrial Design Course"	"学部2年　Undergraduate second grade"	1	4	2021	"後期"	"[[\"月曜日\",\"４時限\"],[\"月曜日\",\"５時限\"]]"	"512"	"大橋地区"
21702506	"フィールドワーク演習"	"[\"DES-AID3222W\"]"	"DES"	"AID"	"3222W"	"[\"吉村　理一\"]"		"専攻教育科目　Specialized Education"	"英語及び日本語を併用（E/J）"	"芸術工学部　芸術情報設計学科　Department of Art and Information Design"	"学部3年　Undergraduate third grade"	1	2	2021	"後期集中"	"[[\"その他\",\"その他\"]]"	"未定／TBA"	"大橋地区"
21700211	"福祉人間工学（2019年度以前入学者対象）"	"[\"DES-IND2121J\"]"	"DES"	"IND"	"2121J"	"[\"村木　里志\"]"		"専攻教育科目　Specialized Education"	"日本語（J）"	"芸術工学部　工業設計学科　Department of Industrial Design"	"学部2年　Undergraduate second grade"	1	2	2021	"夏学期"	"[[\"火曜日\",\"５時限\"]]"	"531"	"大橋地区"
21704208	"福祉人間工学（2020年度入学者対象）"	"[\"DES-IND2131J\"]"	"DES"	"IND"	"2131J"	"[\"村木　里志\"]"	"2021-03-31T02:47:37.141Z"	"コース専門科目　Course Specialized Subjects"	"日本語（J）"	"芸術工学部　インダストリアルデザインコース　Industrial Design Course"	"学部2年　Undergraduate second grade"	1	1	2021	"夏学期"	"[[\"火曜日\",\"５時限\"]]"	"531"	"大橋地区"
21705065	"物質文化論"	"[\"DES-END2111J\"]"	"DES"	"END"	"2111J"	"[\"谷　正和\"]"	"2021-05-26T08:10:06.906Z"	"コース専門科目　Course Specialized Subjects"	"英語及び日本語を併用（E/J）"	"芸術工学部　環境設計コース/未来構想デザインコース　Environmental Design Course/Design Futures Course"	"学部2年　Undergraduate second grade"	1	1	2021	"冬学期"	"[[\"金曜日\",\"２時限\"]]"	"524"	"大橋地区"
21705308	"プラットフォーム演習 A"	"[\"DES-DFT2611W\"]"	"DES"	"DFT"	"2611W"	"[\"中村　美亜\",\"近藤　加代子\",\"平松　千尋\"]"	"2021-09-28T04:20:14.987Z"	"コース演習科目 (PBL)　Course Seminar Subjects"	"日本語（J）"	"芸術工学部　未来構想デザインコース　Design Futures Course"	"学部2年　Undergraduate second grade"	1	4	2021	"秋学期"	"[[\"金曜日\",\"３時限\"],[\"金曜日\",\"４時限\"],[\"金曜日\",\"５時限\"]]"	"7号館1F ワークショップ室"	"大橋地区"
21705316	"プラットフォーム演習 C"	"[\"DES-DFT3612J\"]"	"DES"	"DFT"	"3612J"	"[\"長津　結一郎\",\"丸山　修\",\"井上　滋樹\"]"	"2021-05-26T04:38:28.145Z"	"コース演習科目 (PBL)　Course Seminar Subjects"	"日本語（J）"	"芸術工学部　未来構想デザインコース　Design Futures Course"	"学部2年　Undergraduate second grade"	1	4	2021	"冬学期"	"[[\"金曜日\",\"３時限\"],[\"金曜日\",\"４時限\"],[\"金曜日\",\"５時限\"]]"	"7号館1F ワークショップ室"	"大橋地区"
21704303	"プログラミング基礎"	"[\"DES-DFT1351J\"]"	"DES"	"DFT"	"1351J"	"[\"伊藤　浩史\",\"関　元秀\"]"	"2021-05-11T01:07:44.959Z"	"コース基礎科目　Course Fundamental Subjects"	"日本語（J）"	"芸術工学部　未来構想デザインコース　Design Futures Course"	"学部2年　Undergraduate second grade"	3	1	2021	"春学期"	"[[\"水曜日\",\"２時限\"],[\"水曜日\",\"３時限\"]]"	"遠隔／Online"	"大橋地区"
21704313	"プログラミング設計"	"[\"DES-DFT2341J\"]"	"DES"	"DFT"	"2341J"	"[\"関　元秀\",\"伊藤　浩史\"]"	"2021-05-26T15:02:57.765Z"	"コース専門科目　Course Specialized Subjects"	"日本語（J）"	"芸術工学部　未来構想デザインコース　Design Futures Course"	"学部2年　Undergraduate second grade"	1	1	2021	"夏学期"	"[[\"水曜日\",\"３時限\"],[\"水曜日\",\"４時限\"]]"	"遠隔／Online"	"大橋地区"
21704202	"プロダクトデザイン概論"	"[\"DES-IND2231J\"]"	"DES"	"IND"	"2231J"	"[\"杉本　美貴\",\"迫坪　知広\",\"平井　康之\",\"藤　智亮\"]"	"2021-03-24T04:38:50.253Z"	"コース基礎科目　Course Fundamental Subjects"	"日本語（J）"	"芸術工学部　インダストリアルデザインコース　Industrial Design Course"	"学部2年　Undergraduate second grade"	3	1	2021	"春学期"	"[[\"木曜日\",\"５時限\"]]"	"512"	"大橋地区"
21704207	"プロダクトデザイン実践論"	"[\"DES-IND2232J\"]"	"DES"	"IND"	"2232J"	"[\"平井　康之\",\"迫坪　知広\",\"杉本　美貴\",\"藤　智亮\"]"	"2021-04-06T16:34:37.649Z"	"コース専門科目　Course Specialized Subjects"	"日本語（J）"	"芸術工学部　インダストリアルデザインコース　Industrial Design Course"	"学部2年　Undergraduate second grade"	1	1	2021	"夏学期"	"[[\"木曜日\",\"５時限\"]]"	"512"	"大橋地区"
21704204	"プロダクトデザイン実践論・演習Ⅰ"	"[\"DES-IND2231J\"]"	"DES"	"IND"	"2231J"	"[\"杉本　美貴\",\"平井　康之\",\"迫坪　知広\",\"藤　智亮\"]"	"2021-05-25T13:14:40.430Z"	"コース演習科目 (PBL)　Course Seminar Subjects"	"日本語（J）"	"芸術工学部　インダストリアルデザインコース　Industrial Design Course"	"学部2年　Undergraduate second grade"	1	2	2021	"春学期"	"[[\"月曜日\",\"３時限\"],[\"月曜日\",\"４時限\"]]"	"共同製図室，ワークショップ，工作工房1～３F/5building4F drafting room,7 building 1F Workshop room,Desgin Workshop 1-3F"	"大橋地区"
21704210	"プロダクトデザイン実践論・演習Ⅱ"	"[\"DES-IND2232J\"]"	"DES"	"IND"	"2232J"	"[\"迫坪　知広\",\"杉本　美貴\",\"藤　智亮\",\"平井　康之\"]"	"2021-04-06T16:39:33.274Z"	"コース演習科目 (PBL)　Course Seminar Subjects"	"日本語（J）"	"芸術工学部　インダストリアルデザインコース　Industrial Design Course"	"学部2年　Undergraduate second grade"	1	2	2021	"夏学期"	"[[\"月曜日\",\"３時限\"],[\"月曜日\",\"４時限\"]]"	"共同製図室，ワークショップ，工作工房1～３F/5building4F drafting room,7 building 1F Workshop room,Desgin Workshop 1-3F"	"大橋地区"
21704003	"文化とデザイン"	"[\"DES-END2031J\",\"DES-IND2031J\",\"DES-DFT2031J\",\"DES-MED2031J\",\"DES-ACD2031J\"]"	"DES"	"END"	"2031J"	"[\"古賀　徹\",\"増田　展大\"]"	"2021-05-28T06:09:25.942Z"	"デザインリテラシー科目　Design Literacy Subjects"	"日本語（J）"	"芸術工学部　共通　Environmental Design Course/Industrial Design Course/Design Futures Course/Media Design Course/Acoustic Design Course"	"学部2年　Undergraduate second grade"	1	1	2021	"春学期"	"[[\"金曜日\",\"２時限\"]]"	"511"	"大橋地区"
21702105	"ポートフォリオマネジメント"	"[\"DES-END3871W\"]"	"DES"	"END"	"3871W"	"[\"都甲　康至\"]"		"専攻教育科目　Specialized Education"	"日本語（J）"	"芸術工学部　環境設計学科　Department of Environmental Design"	"学部3年　Undergraduate third grade"	1	2	2021	"後期"	"[[\"木曜日\",\"２時限\"]]"	"7号館ﾜｰｸｼｮｯﾌﾟ室／7 building 1F Workshop room"	"大橋地区"
21705301	"未来構想デザイン概論"	"[\"DES-DFT1621J\"]"	"DES"	"DFT"	"1621J"	"[\"LOH Wei Leong\",\"高木　英行\",\"池田　美奈子\",\"伊藤　浩史\",\"稲村　徳州\",\"尾方　義人\",\"古賀　徹\",\"近藤　加代子\",\"関　元秀\",\"谷　正和\",\"長津　結一郎\",\"平松　千尋\",\"ホール，Ｍ．\",\"丸山　修\"]"	"2021-05-25T06:14:29.124Z"	"コース基礎科目　Course Fundamental Subjects"	"日本語（J）"	"芸術工学部　未来構想デザインコース　Design Futures Course"	"学部1年　Undergraduate first grade"	1	1	2021	"秋学期"	"[[\"火曜日\",\"５時限\"]]"	"未定/　TBA"	"伊都地区"
21704406	"メカニクスデザイン"	"[\"DES-MED2311J\"]"	"DES"	"MED"	"2311J"	"[\"竹之内　和樹\"]"	"2021-05-29T10:07:17.526Z"	"コース専門科目　Course Specialized Subjects"	"英語及び日本語を併用（E/J）"	"芸術工学部　メディアデザインコース　Media Design Course"	"学部2年　Undergraduate second grade"	1	2	2021	"春学期"	"[[\"月曜日\",\"３時限\"],[\"水曜日\",\"３時限\"]]"	"521"	"大橋地区"
21702302	"メディア環境計画"	"[\"DES-VCD3411J\"]"	"DES"	"VCD"	"3411J"	"[\"工藤　真生\",\"藤　紀里子\"]"		"専攻教育科目　Specialized Education"	"日本語（J）"	"芸術工学部　画像設計学科　Department of Visual Communication Design"	"学部3年　Undergraduate third grade"	1	2	2021	"後期"	"[[\"火曜日\",\"４時限\"]]"	"531"	"大橋地区"
21705413	"メディアサイエンス演習Ⅰ"	"[\"DES-MED2541J\"]"	"DES"	"MED"	"2541J"	"[\"妹尾　武治\"]"	"2021-03-29T05:26:39.524Z"	"コース演習科目 (PBL)　Course Seminar Subjects"	"英語及び日本語を併用（E/J）"	"芸術工学部　メディアデザインコース　Media Design Course"	"学部2年　Undergraduate second grade"	1	2	2021	"冬学期"	"[[\"木曜日\",\"３時限\"],[\"木曜日\",\"４時限\"]]"	"7号館ｼｱﾀｰﾙｰﾑ/ 7 building 1F Theater room"	"大橋地区"
21700501	"メディア情報処理（2019年度以前入学者対象）"	"[\"DES-AID3521J\"]"	"DES"	"AID"	"3521J"	"[\"高木　英行\"]"		"専攻教育科目　Specialized Education"	"日本語（J）"	"芸術工学部　芸術情報設計学科　Department of Art and Information Design"	"学部3年　Undergraduate third grade"	1	2	2021	"春学期"	"[[\"月曜日\",\"４時限\"],[\"月曜日\",\"５時限\"]]"	"遠隔　/　Online"	"大橋地区"
21704407	"メディア情報処理（2020年度入学者対象）"	"[\"DES-MED2321J\"]"	"DES"	"MED"	"2321J"	"[\"小野　直樹\"]"	"2021-05-26T05:47:23.680Z"	"コース専門科目　Course Specialized Subjects"	"英語及び日本語を併用（E/J）"	"芸術工学部　メディアデザインコース　Media Design Course"	"学部2年　Undergraduate second grade"	1	2	2021	"春学期"	"[[\"月曜日\",\"２時限\"],[\"水曜日\",\"２時限\"]]"	"531"	"大橋地区"
21705401	"メディアデザイン概論Ⅰ"	"[\"DES-MED1111J\"]"	"DES"	"MED"	"1111J"	"[\"伊原　久裕\",\"金　大雄\",\"工藤　真生\",\"知足　美加子\",\"松隈　浩之\",\"森本　有紀\",\"藤　紀里子\",\"石井　達郎\"]"	"2021-05-28T07:14:22.912Z"	"コース基礎科目　Course Fundamental Subjects"	"日本語（J）"	"芸術工学部　メディアデザインコース　Media Design Course"	"学部1年　Undergraduate first grade"	1	1	2021	"秋学期"	"[[\"月曜日\",\"５時限\"]]"	"未定/　TBA"	"伊都地区"
21704401	"メディアデザイン概論Ⅲ"	"[\"DES-MED2113J\"]"	"DES"	"MED"	"2113J"	"[\"麻生　典\",\"大島　久雄\",\"須長　正治\",\"妹尾　武治\",\"吉村　理一\",\"冬野　美晴\"]"	"2021-05-12T06:27:20.943Z"	"コース基礎科目　Course Fundamental Subjects"	"日本語（J）"	"芸術工学部　メディアデザインコース　Media Design Course"	"学部2年　Undergraduate second grade"	3	1	2021	"春学期"	"[[\"木曜日\",\"１時限\"]]"	"524"	"大橋地区"
21705402	"メディアデザイン概論Ⅱ"	"[\"DES-IND1412J\"]"	"DES"	"IND"	"1412J"	"[\"井上　光平\",\"小野　直樹\",\"牛尼　剛聡\",\"竹之内　和樹\",\"鶴野　玲治\",\"原　健二\"]"	"2021-11-05T04:14:30.953Z"	"コース基礎科目　Course Fundamental Subjects"	"日本語（J）"	"芸術工学部　メディアデザインコース　Media Design Course"	"学部1年　Undergraduate first grade"	1	1	2021	"冬学期"	"[[\"月曜日\",\"５時限\"]]"	"未定/　TBA"	"伊都地区"
21704402	"メディア表現基礎"	"[\"DES-MED2121J\"]"	"DES"	"MED"	"2121J"	"[\"石井　達郎\",\"工藤　真生\",\"藤　紀里子\",\"松隈　浩之\",\"森本　有紀\"]"	"2021-05-17T05:43:43.384Z"	"コース基礎科目　Course Fundamental Subjects"	"英語及び日本語を併用（E/J）"	"芸術工学部　メディアデザインコース　Media Design Course"	"学部2年　Undergraduate second grade"	3	2	2021	"春学期"	"[[\"水曜日\",\"４時限\"],[\"水曜日\",\"５時限\"]]"	"531"	"大橋地区"
21704403	"メディアプログラミング"	"[\"DES-MED2131J\"]"	"DES"	"MED"	"2131J"	"[\"牛尼　剛聡\",\"井上　光平\",\"小野　直樹\",\"竹之内　和樹\",\"鶴野　玲治\",\"原　健二\"]"	"2021-05-25T03:31:43.947Z"	"コース基礎科目　Course Fundamental Subjects"	"英語及び日本語を併用（E/J）"	"芸術工学部　メディアデザインコース　Media Design Course"	"学部2年　Undergraduate second grade"	3	2	2021	"春学期"	"[[\"金曜日\",\"２時限\"],[\"金曜日\",\"３時限\"]]"	"7号館3階　コンピュータ室，情報基盤室第1実習室／ 7 building 3F Mac room,Computing and communications center Branch in the ohashiarea training room1"	"大橋地区"
21705212	"ライフスケープデザイン概論"	"[\"DES-IND2241J\"]"	"DES"	"IND"	"2241J"	"[\"秋田　直繁\",\"清須美　匡洋\",\"齋藤　俊文\",\"曽我部　春香\"]"	"2021-05-25T07:31:49.240Z"	"コース基礎科目　Course Fundamental Subjects"	"日本語（J）"	"芸術工学部　インダストリアルデザインコース　Industrial Design Course"	"学部2年　Undergraduate second grade"	3	1	2021	"秋学期"	"[[\"火曜日\",\"５時限\"]]"	"7号館ﾜｰｸｼｮｯﾌﾟ室／7 building 1F Workshop room"	"大橋地区"
21705204	"ライフスケープデザイン実践論"	"[\"DES-IND2242J\"]"	"DES"	"IND"	"2242J"	"[\"秋田　直繁\",\"清須美　匡洋\",\"齋藤　俊文\",\"曽我部　春香\"]"	"2021-05-25T07:32:08.395Z"	"コース専門科目　Course Specialized Subjects"	"日本語（J）"	"芸術工学部　インダストリアルデザインコース　Industrial Design Course"	"学部2年　Undergraduate second grade"	1	1	2021	"冬学期"	"[[\"火曜日\",\"５時限\"]]"	"7号館ﾜｰｸｼｮｯﾌﾟ室／7 building 1F Workshop room"	"大橋地区"
21705206	"ライフスケープデザイン論・演習Ⅰ"	"[\"DES-IND2241J\"]"	"DES"	"IND"	"2241J"	"[\"曽我部　春香\",\"秋田　直繁\",\"清須美　匡洋\",\"齋藤　俊文\"]"	"2021-05-25T07:30:49.108Z"	"コース演習科目 (PBL)　Course Seminar Subjects"	"日本語（J）"	"芸術工学部　インダストリアルデザインコース　Industrial Design Course"	"学部2年　Undergraduate second grade"	1	2	2021	"秋学期"	"[[\"木曜日\",\"３時限\"],[\"木曜日\",\"４時限\"]]"	"7号館ﾜｰｸｼｮｯﾌﾟ室／7 building 1F Workshop room"	"大橋地区"
21705211	"ライフスケープデザイン論・演習Ⅱ"	"[\"DES-IND2242J\"]"	"DES"	"IND"	"2242J"	"[\"曽我部　春香\",\"秋田　直繁\",\"清須美　匡洋\",\"齋藤　俊文\"]"	"2021-05-25T07:31:28.231Z"	"コース演習科目 (PBL)　Course Seminar Subjects"	"日本語（J）"	"芸術工学部　インダストリアルデザインコース　Industrial Design Course"	"学部2年　Undergraduate second grade"	1	2	2021	"冬学期"	"[[\"木曜日\",\"３時限\"],[\"木曜日\",\"４時限\"]]"	"7号館ﾜｰｸｼｮｯﾌﾟ室／7 building 1F Workshop room"	"大橋地区"
21700105	"ランドスケーププロジェクト"	"[\"DES-END3491W\"]"	"DES"	"END"	"3491W"	"[\"髙取　千佳\",\"包清　博之\",\"朝廣　和夫\"]"		"専攻教育科目　Specialized Education"	"英語及び日本語を併用（E/J）"	"芸術工学部　環境設計学科　Department of Environmental Design"	"学部3年　Undergraduate third grade"	3	4	2021	"前期"	"[[\"金曜日\",\"３時限\"],[\"金曜日\",\"４時限\"],[\"金曜日\",\"５時限\"]]"	"2号館2Ｆ製図室 /　2building 2F drafting room"	"大橋地区"
21705109	"緑地環境設計論"	"[\"DES-END2221J\"]"	"DES"	"END"	"2221J"	"[\"朝廣　和夫\",\"包清　博之\"]"	"2022-01-31T05:26:41.090Z"	"コース専門科目　Course Specialized Subjects"	"日本語（J）"	"芸術工学部　環境設計コース　Environmental Design Course"	"学部2年　Undergraduate second grade"	1	2	2021	"後期"	"[[\"火曜日\",\"２時限\"]]"	"532"	"大橋地区"
21700407	"輪講"	"[\"DES-ACD4861J\"]"	"DES"	"ACD"	"4861J"	"[\"矢向　正人\",\"上田　和夫\",\"尾本　章\",\"鏑木　時彦\",\"河原　一彦\",\"鮫島　俊哉\",\"城　一裕\",\"高田　正幸\",\"中村　美亜\",\"長津　結一郎\",\"西田　紘子\",\"山内　勝也\",\"レメイン，Ｇ．Ｂ．\",\"若宮　幸平\"]"		"専攻教育科目　Specialized Education"	"日本語（J）"	"芸術工学部　音響設計学科　Department of Acoustic Design"	"学部4年　Undergraduate fourth grade"	3	2	2021	"前期"	"[[\"木曜日\",\"５時限\"]]"	"321"	"大橋地区"
21702109	"歴史環境実習"	"[\"DES-END3802W\"]"	"DES"	"END"	"3802W"	"[\"加藤　悠希\",\"福島　綾子\"]"		"専攻教育科目　Specialized Education"	"日本語（J）"	"芸術工学部　環境設計学科　Department of Environmental Design"	"学部3年　Undergraduate third grade"	1	1	2021	"後期集中"	"[[\"その他\",\"その他\"]]"	"未定／TBA"	"大橋地区"
21702101	"歴史環境設計論"	"[\"DES-END3362J\"]"	"DES"	"END"	"3362J"	"[\"加藤　悠希\"]"		"専攻教育科目　Specialized Education"	"日本語（J）"	"芸術工学部　環境設計学科　Department of Environmental Design"	"学部3年　Undergraduate third grade"	1	2	2021	"秋学期"	"[[\"火曜日\",\"４時限\"],[\"火曜日\",\"５時限\"]]"	"521"	"大橋地区"
21705313	"アート・デザイン・ライティング演習"	"[\"DES-DFT2531J\"]"	"DES"	"DFT"	"2531J"	"[\"池田　美奈子\"]"	"2021-05-27T13:20:43.421Z"	"コース専門科目　Course Specialized Subjects"	"日本語（J）"	"芸術工学部　未来構想デザインコース　Design Futures Course"	"学部2年　Undergraduate second grade"	1	1	2021	"冬学期"	"[[\"火曜日\",\"４時限\"]]"	"512"	"大橋地区"
21704060	"ウェブサービスデザイン"	"[\"DES-DFT3331J\",\"DES-MED2312J\"]"	"DES"	"DFT"	"3331J"	"[\"牛尼　剛聡\"]"	"2021-06-10T06:11:29.020Z"	"コース専門科目　Course Specialized Subjects"	"日本語（J）"	"芸術工学部　未来構想デザインコース/メディアデザインコース　Design Futures Course/Media Design Course"	"学部2年　Undergraduate second grade"	1	2	2021	"夏学期"	"[[\"水曜日\",\"５時限\"],[\"木曜日\",\"５時限\"]]"	"524"	"大橋地区"
21705511	"音響機器論"	"[\"DES-ACD2332J\"]"	"DES"	"ACD"	"2332J"	"[\"河原　一彦\"]"	"2021-12-03T06:10:13.014Z"	"コース専門科目　Course Specialized Subjects"	"日本語（J）"	"芸術工学部　音響設計コース　Acoustic Design Course"	"学部2年　Undergraduate second grade"	1	2	2021	"冬学期"	"[[\"月曜日\",\"５時限\"],[\"木曜日\",\"２時限\"]]"	"322"	"大橋地区"
21705512	"環境音響構成"	"[\"DES-ACD2232J\"]"	"DES"	"ACD"	"2232J"	"[\"山内　勝也\"]"	"2021-12-01T23:24:58.495Z"	"コース演習科目 (PBL)　Course Seminar Subjects"	"日本語（J）"	"芸術工学部　音響設計コース　Acoustic Design Course"	"学部2年　Undergraduate second grade"	1	2	2021	"冬学期"	"[[\"火曜日\",\"４時限\"],[\"火曜日\",\"５時限\"]]"	"322"	"大橋地区"
21705108	"環境構法論"	"[\"DES-END2341J\"]"	"DES"	"END"	"2341J"	"[\"井上　朝雄\"]"	"2022-01-31T05:30:14.566Z"	"コース専門科目　Course Specialized Subjects"	"日本語（J）"	"芸術工学部　環境設計コース　Environmental Design Course"	"学部2年　Undergraduate second grade"	1	2	2021	"冬学期"	"[[\"水曜日\",\"３時限\"],[\"水曜日\",\"４時限\"]]"	"512"	"大橋地区"
21704109	"環境材料論Ⅱ"	"[\"DES-END2522J\"]"	"DES"	"END"	"2522J"	"[\"土屋　潤\"]"	"2022-01-04T04:08:35.266Z"	"コース専門科目　Course Specialized Subjects"	"日本語（J）"	"芸術工学部　環境設計コース　Environmental Design Course"	"学部2年　Undergraduate second grade"	1	1	2021	"夏学期"	"[[\"火曜日\",\"２時限\"]]"	"533"	"大橋地区"
21704062	"環境社会デザイン論"	"[\"DES-END2121J\",\"DES-DFT2221W\"]"	"DES"	"END"	"2121J"	"[\"近藤　加代子\"]"	"2021-04-06T08:05:08.798Z"	"コース専門科目　Course Specialized Subjects"	"日本語（J）"	"芸術工学部　環境設計コース/未来構想デザインコース　Environmental Design Course/Design Futures Course"	"学部2年　Undergraduate second grade"	1	1	2021	"春学期"	"[[\"木曜日\",\"４時限\"]]"	"512"	"大橋地区"
21704105	"環境調整システム論"	"[\"DES-END2611J\"]"	"DES"	"END"	"2611J"	"[\"川本　陽一\"]"	"2022-01-13T02:09:29.753Z"	"コース専門科目　Course Specialized Subjects"	"日本語（J）"	"芸術工学部　環境設計コース　Environmental Design Course"	"学部2年　Undergraduate second grade"	1	2	2021	"春学期"	"[[\"金曜日\",\"３時限\"],[\"金曜日\",\"４時限\"]]"	"512"	"大橋地区"
21705209	"環境人間工学（2020年度入学者対象）"	"[\"DES-IND2141J\"]"	"DES"	"IND"	"2141J"	"[\"前田　享史\"]"	"2021-04-06T06:07:40.059Z"	"コース専門科目　Course Specialized Subjects"	"日本語（J）"	"芸術工学部　インダストリアルデザインコース　Industrial Design Course"	"学部2年　Undergraduate second grade"	1	1	2021	"冬学期"	"[[\"月曜日\",\"３時限\"]]"	"512"	"大橋地区"
21705105	"環境保全論"	"[\"DES-END2211J\"]"	"DES"	"END"	"2211J"	"[\"朝廣　和夫\"]"	"2021-12-27T09:20:05.633Z"	"コース専門科目　Course Specialized Subjects"	"日本語（J）"	"芸術工学部　環境設計コース　Environmental Design Course"	"学部2年　Undergraduate second grade"	1	2	2021	"秋学期"	"[[\"金曜日\",\"１時限\"],[\"金曜日\",\"２時限\"]]"	"531"	"大橋地区"
21704209	"感性科学（2020年度入学者対象）"	"[\"DES-IND2151J\"]"	"DES"	"IND"	"2151J"	"[\"樋口　重和\"]"	"2021-05-29T05:12:33.571Z"	"コース専門科目　Course Specialized Subjects"	"日本語（J）"	"芸術工学部　インダストリアルデザインコース　Industrial Design Course"	"学部2年　Undergraduate second grade"	1	1	2021	"前期集中"	"[[\"その他\",\"その他\"]]"	"未定／TBA"	"大橋地区"
21704405	"芸術論"	"[\"DES-MED2231J\"]"	"DES"	"MED"	"2231J"	"[\"知足　美加子\"]"	"2021-05-27T07:17:00.183Z"	"コース専門科目　Course Specialized Subjects"	"日本語（J）"	"芸術工学部　メディアデザインコース　Media Design Course"	"学部2年　Undergraduate second grade"	1	2	2021	"春学期"	"[[\"木曜日\",\"５時限\"]]"	"531"	"大橋地区"
21705104	"建築デザイン計画論"	"[\"DES-END2311J\"]"	"DES"	"END"	"2311J"	"[\"田上　健一\"]"	"2022-01-31T05:08:08.799Z"	"コース専門科目　Course Specialized Subjects"	"日本語（J）"	"芸術工学部　環境設計コース　Environmental Design Course"	"学部2年　Undergraduate second grade"	1	2	2021	"秋学期"	"[[\"木曜日\",\"４時限\"],[\"木曜日\",\"５時限\"]]"	"521"	"大橋地区"
21705110	"建築法規"	"[\"DES-END2361J\"]"	"DES"	"END"	"2361J"	"[\"田上　健一\"]"	"2022-01-31T05:49:57.608Z"	"コース専門科目　Course Specialized Subjects"	"日本語（J）"	"芸術工学部　環境設計コース　Environmental Design Course"	"学部2年　Undergraduate second grade"	1	1	2021	"冬学期"	"[[\"木曜日\",\"４時限\"]]"	"521"	"大橋地区"
21704411	"コンテンツ工学"	"[\"DES-MED2322J\"]"	"DES"	"MED"	"2322J"	"[\"井上　光平\"]"	"2021-05-25T03:26:30.102Z"	"コース専門科目　Course Specialized Subjects"	"日本語（J）"	"芸術工学部　メディアデザインコース　Media Design Course"	"学部2年　Undergraduate second grade"	1	2	2021	"夏学期"	"[[\"月曜日\",\"２時限\"],[\"木曜日\",\"１時限\"]]"	"524"	"大橋地区"
21705411	"コンテンツデザイン演習Ⅱ"	"[\"DES-MED2571J\"]"	"DES"	"MED"	"2571J"	"[\"松隈　浩之\"]"	"2021-09-29T03:08:07.702Z"	"コース演習科目 (PBL)　Course Seminar Subjects"	"日本語（J）"	"芸術工学部　メディアデザインコース　Media Design Course"	"学部2年　Undergraduate second grade"	1	2	2021	"冬学期"	"[[\"水曜日\",\"３時限\"],[\"水曜日\",\"４時限\"]]"	"521"	"大橋地区"
21705062	"質的社会調査法"	"[\"DES-DFT2241J\",\"DES-ACD2322J\"]"	"DES"	"DFT"	"2241J"	"[\"長津　結一郎\"]"	"2021-05-26T00:25:36.100Z"	"コース専門科目　Course Specialized Subjects"	"日本語（J）"	"芸術工学部　未来構想デザインコース/音響設計コース　Design Futures Course/Acoustic Design Course"	"学部2年　Undergraduate second grade"	1	1	2021	"冬学期"	"[[\"水曜日\",\"３時限\"]]"	"322"	"大橋地区"
21704510	"収音音響構成"	"[\"DES-ACD2231J\"]"	"DES"	"ACD"	"2231J"	"[\"山内　勝也\"]"	"2021-04-16T07:35:59.963Z"	"コース演習科目 (PBL)　Course Seminar Subjects"	"日本語（J）"	"芸術工学部　音響設計コース　Acoustic Design Course"	"学部2年　Undergraduate second grade"	1	2	2021	"夏学期"	"[[\"火曜日\",\"３時限\"],[\"火曜日\",\"４時限\"],[\"火曜日\",\"５時限\"]]"	"322"	"大橋地区"
21705319	"情報科学Ⅰ"	"[\"DES-DFT1311W\"]"	"DES"	"DFT"	"1311W"	"[\"丸山　修\"]"	"2021-11-07T11:02:23.145Z"	"コース基礎科目　Course Fundamental Subjects"	"日本語（J）"	"芸術工学部　未来構想デザインコース　Design Futures Course"	"学部2年　Undergraduate second grade"	3	1	2021	"秋学期"	"[[\"木曜日\",\"２時限\"]]"	"511"	"大橋地区"
21705314	"情報科学Ⅱ"	"[\"DES-DFT2312W\"]"	"DES"	"DFT"	"2312W"	"[\"丸山　修\"]"	"2021-10-07T00:01:54.566Z"	"コース専門科目　Course Specialized Subjects"	"日本語（J）"	"芸術工学部　未来構想デザインコース　Design Futures Course"	"学部2年　Undergraduate second grade"	1	1	2021	"冬学期"	"[[\"木曜日\",\"２時限\"]]"	"511"	"大橋地区"
21704311	"身体表現演習Ⅱ"	"[\"DES-DFT2122J\"]"	"DES"	"DFT"	"2122J"	"[\"長津　結一郎\"]"	"2021-07-09T23:31:08.039Z"	"コース専門科目　Course Specialized Subjects"	"日本語（J）"	"芸術工学部　未来構想デザインコース　Design Futures Course"	"学部2年　Undergraduate second grade"	1	1	2021	"前期集中"	"[[\"その他\",\"その他\"]]"	"未定／TBA"	"大橋地区"
21705506	"西洋音楽史"	"[\"DES-ACD2323J\"]"	"DES"	"ACD"	"2323J"	"[\"西田　紘子\"]"	"2021-09-21T04:50:58.791Z"	"コース専門科目　Course Specialized Subjects"	"日本語（J）"	"芸術工学部　音響設計コース　Acoustic Design Course"	"学部2年　Undergraduate second grade"	1	2	2021	"秋学期"	"[[\"月曜日\",\"５時限\"],[\"木曜日\",\"４時限\"]]"	"322"	"大橋地区"
21704413	"造形表現演習"	"[\"DES-MED2561J\"]"	"DES"	"MED"	"2561J"	"[\"知足　美加子\"]"	"2021-05-27T07:19:05.757Z"	"コース演習科目 (PBL)　Course Seminar Subjects"	"日本語（J）"	"芸術工学部　メディアデザインコース　Media Design Course"	"学部2年　Undergraduate second grade"	1	2	2021	"夏学期"	"[[\"金曜日\",\"３時限\"],[\"金曜日\",\"４時限\"]]"	"工作工房（１Ｆ総合作業室,２Ｆ溶接作業室,３Ｆ造形教室）／Desgin Workshop 1F,2F,3F"	"大橋地区"
21705505	"ディジタル信号処理"	"[\"DES-ACD2117J\"]"	"DES"	"ACD"	"2117J"	"[\"吉永　幸靖\"]"	"2021-10-05T02:26:34.887Z"	"コース専門科目　Course Specialized Subjects"	"日本語（J）"	"芸術工学部　音響設計コース　Acoustic Design Course"	"学部2年　Undergraduate second grade"	3	2	2021	"秋学期"	"[[\"火曜日\",\"５時限\"],[\"木曜日\",\"２時限\"]]"	"322"	"大橋地区"
21705061	"データ解析"	"[\"DES-END2141J\",\"DES-IND2161J\",\"DES-DFT2321J\",\"DES-ACD2314J\"]"	"DES"	"END"	"2141J"	"[\"澤井　賢一\"]"	"2021-06-01T07:33:22.723Z"	"コース専門科目　Course Specialized Subjects"	"日本語（J）"	"芸術工学部　環境設計コース/インダストリアルデザインコース/未来構想デザインコース/音響設計コース　Environmental Design Course/Industrial Design Course/Design Futures Course/Acoustic Design Course"	"学部2年　Undergraduate second grade"	1	1	2021	"秋学期"	"[[\"月曜日\",\"１時限\"]]"	"遠隔／Online"	"大橋地区"
21704307	"デザインスケッチ"	"[\"DES-DFT1111J\"]"	"DES"	"DFT"	"1111J"	"[\"尾方　義人\"]"	"2021-04-12T14:08:00.098Z"	"コース基礎科目　Course Fundamental Subjects"	"日本語（J）"	"芸術工学部　未来構想デザインコース　Design Futures Course"	"学部2年　Undergraduate second grade"	3	1	2021	"夏学期"	"[[\"木曜日\",\"４時限\"]]"	"512"	"大橋地区"
21704312	"デザイン哲学"	"[\"DES-DFT2511J\"]"	"DES"	"DFT"	"2511J"	"[\"古賀　徹\"]"	"2021-05-28T05:48:56.421Z"	"コース専門科目　Course Specialized Subjects"	"日本語（J）"	"芸術工学部　未来構想デザインコース　Design Futures Course"	"学部2年　Undergraduate second grade"	1	1	2021	"夏学期"	"[[\"火曜日\",\"２時限\"]]"	"525"	"大橋地区"
21704501	"電気工学"	"[\"DES-ACD2312J\"]"	"DES"	"ACD"	"2312J"	"[\"鮫島　俊哉\"]"	"2021-05-25T09:51:22.385Z"	"コース専門科目　Course Specialized Subjects"	"日本語（J）"	"芸術工学部　音響設計コース　Acoustic Design Course"	"学部2年　Undergraduate second grade"	1	2	2021	"前期"	"[[\"月曜日\",\"５時限\"]]"	"525"	"大橋地区"
21705502	"電子工学"	"[\"DES-ACD2313J\"]"	"DES"	"ACD"	"2313J"	"[\"河原　一彦\"]"	"2021-09-27T04:13:55.475Z"	"コース専門科目　Course Specialized Subjects"	"日本語（J）"	"芸術工学部　音響設計コース　Acoustic Design Course"	"学部2年　Undergraduate second grade"	1	2	2021	"後期"	"[[\"金曜日\",\"１時限\"]]"	"524"	"大橋地区"
21704110	"都市環境設計論"	"[\"DES-END2321J\"]"	"DES"	"END"	"2321J"	"[\"髙取　千佳\"]"	"2022-01-31T04:34:51.096Z"	"コース専門科目　Course Specialized Subjects"	"日本語（J）"	"芸術工学部　環境設計コース　Environmental Design Course"	"学部2年　Undergraduate second grade"	1	2	2021	"前期"	"[[\"木曜日\",\"３時限\"]]"	"533"	"大橋地区"
21705312	"表象文化論"	"[\"DES-DFT2531J\"]"	"DES"	"DFT"	"2531J"	"[\"中村　美亜\"]"	"2021-10-06T09:05:53.963Z"	"コース専門科目　Course Specialized Subjects"	"日本語（J）"	"芸術工学部　未来構想デザインコース　Design Futures Course"	"学部2年　Undergraduate second grade"	1	1	2021	"後期集中"	"[[\"その他\",\"その他\"]]"	"未定／TBA"	"大橋地区"
21704306	"未来デザイン方法論"	"[\"DES-DFT2621J\"]"	"DES"	"DFT"	"2621J"	"[\"尾方　義人\"]"	"2021-04-12T22:10:59.000Z"	"コース専門科目　Course Specialized Subjects"	"日本語（J）"	"芸術工学部　未来構想デザインコース　Design Futures Course"	"学部2年　Undergraduate second grade"	1	1	2021	"春学期"	"[[\"火曜日\",\"５時限\"]]"	"531"	"大橋地区"
21704106	"緑地環境実習"	"[\"DES-END2851J\"]"	"DES"	"END"	"2851J"	"[\"朝廣　和夫\"]"	"2021-12-27T09:08:15.541Z"	"コース専門科目　Course Specialized Subjects"	"日本語（J）"	"芸術工学部　環境設計コース　Environmental Design Course"	"学部2年　Undergraduate second grade"	1	1	2021	"前期集中"	"[[\"その他\",\"その他\"]]"	"Moodleにて確認　/Ｃｈｅｃｋ　Moodle"	"大橋地区"
